{
  "admin": {
    "create-new-administrator": "Create new administrator",
    "search-administrator": "Search by first name / last name / email"
  },
  "asset": {
    "add-asset": "Add asset",
    "add-asset-with-count": "Add {count, plural, 0 {assets} one {1 asset} other {{count} assets}}",
    "assets-selected-count": "{ count } assets selected",
    "dimensions": "Dimensions",
    "focal-point": "Focal point",
    "notify-create-assets-success": "Created {count, plural, one {new Asset} other {{count} new Assets}}",
    "original-asset-size": "Source size",
    "preview": "Preview",
    "remove-asset": "Remove asset",
    "select-asset": "Select asset",
    "select-assets": "Select assets",
    "set-as-featured-asset": "Set as featured asset",
    "set-focal-point": "Set focal point",
    "source-file": "Source file",
    "unset-focal-point": "Unset",
    "update-focal-point": "Update point",
    "update-focal-point-error": "Could not update focal point",
    "update-focal-point-success": "Updated focal point",
    "upload-assets": "Upload assets",
    "uploading": "Uploading..."
  },
  "breadcrumb": {
    "administrators": "Administrators",
    "assets": "Assets",
    "channels": "Channels",
    "collections": "Collections",
    "countries": "Countries",
    "customer-groups": "Customer groups",
    "customers": "Customers",
    "dashboard": "Dashboard",
    "facets": "Facets",
    "global-settings": "Global settings",
    "job-queue": "Job queue",
    "manage-variants": "Manage variants",
    "modifying": "Modifying",
    "orders": "Orders",
    "payment-methods": "Payment methods",
    "product-options": "Product options",
    "products": "Products",
    "profile": "Profile",
    "promotions": "Promotions",
    "roles": "Roles",
    "shipping-methods": "Shipping methods",
    "system-status": "System status",
    "tax-categories": "Tax categories",
    "tax-rates": "Tax rates",
    "zones": "Zones"
  },
  "catalog": {
    "add-facet-value": "Add facet value",
    "add-facets": "Add facets",
    "add-option": "Add option",
    "asset-preview-links": "Asset preview links",
    "assign-collections-to-channel-success": "Successfully assigned {count, plural, one {1 collection} other {{count} collections}} to { channelCode }",
    "assign-facets-to-channel-success": "Successfully assigned {count, plural, one {1 facet} other {{count} facets}} to { channelCode }",
    "assign-product-to-channel-success": "Successfully assigned {count, plural, one {1 product} other {{count} products}} to { channel }",
    "assign-products-to-channel": "Assign products to channel",
    "assign-to-channel": "Assign to channel",
    "assign-to-named-channel": "Assign to { channelCode }",
    "assign-variant-to-channel-success": "Successfully assigned {count, plural, one {1 product variant} other {{count} product variants}} to { channel }",
    "assign-variants-to-channel": "Assign product variants to channel",
    "auto-update-option-variant-name": "Automatically update the names of ProductVariants using this option",
    "auto-update-product-variant-name": "Automatically update the names of ProductVariants",
    "channel-price-preview": "Channel price preview",
    "collection-contents": "Collection contents",
    "confirm-bulk-delete-collections": "Delete {count} collections?",
    "confirm-bulk-delete-facets": "Delete {count} facets?",
    "confirm-bulk-delete-products": "Delete {count} products?",
    "confirm-cancel": "Cancel?",
    "confirm-delete-administrator": "Delete administrator?",
    "confirm-delete-assets": "Delete {count} {count, plural, one {asset} other {assets}}?",
    "confirm-delete-channel": "Delete channel?",
    "confirm-delete-collection": "Delete collection?",
    "confirm-delete-collection-and-children-body": "Deleting this collection will also delete all child collections",
    "confirm-delete-country": "Delete country?",
    "confirm-delete-customer": "Delete customer?",
    "confirm-delete-facet": "Delete facet?",
    "confirm-delete-facet-value": "Delete facet value?",
    "confirm-delete-product": "Delete product?",
    "confirm-delete-product-option": "Delete product option \"{name}\"?",
    "confirm-delete-product-option-group": "Delete product option group \"{name}\"?",
    "confirm-delete-product-variant": "Delete product variant \"{name}\"?",
    "confirm-delete-promotion": "Delete promotion?",
    "confirm-delete-shipping-method": "Delete shipping method?",
    "confirm-delete-zone": "Delete zone?",
    "confirm-deletion-of-unused-variants-body": "The following product variants have been made obsolete due to the addition of new options. They will be deleted during the creation of the new product variants.",
    "confirm-deletion-of-unused-variants-title": "Delete obsolete product variants?",
    "create-draft-order": "Create draft order",
    "create-new-collection": "Create new collection",
    "create-new-facet": "Create new facet",
    "create-new-product": "New product",
    "created-new-variants-success": "Successfully created {count} new {count, plural, one {variant} other {variants}}",
    "default-variant": "Default variant",
    "display-variant-cards": "View details",
    "display-variant-table": "View as table",
    "drop-files-to-upload": "Drop files to upload",
    "duplicate-sku-warning": "Please ensure all SKUs are unique",
    "edit-facet-values": "Edit facet values",
    "edit-options": "Edit options",
    "expand-all-collections": "Expand all collections",
    "facet-value-not-available": "Facet value \"{ id }\" not available",
    "facet-values": "Facet values",
    "filter-by-name": "Filter by name",
    "filter-by-name-or-sku": "Filter by name or SKU",
    "filters": "Filters",
    "group-by-product": "Group by product",
    "live-preview-contents": "Live-preview contents",
    "manage-variants": "Manage variants",
    "move-down": "Move down",
    "move-to": "Move to",
    "move-up": "Move up",
    "no-channel-selected": "No channel selected",
    "no-featured-asset": "No featured asset",
    "no-selection": "No selection",
    "notify-bulk-delete-collections-success": "Successfully deleted {count, plural, one {1 collection} other {{count} collections}}",
    "notify-bulk-delete-facets-success": "Successfully deleted {count, plural, one {1 facet} other {{count} facets}}",
    "notify-bulk-delete-products-success": "Successfully deleted {count, plural, one {1 product} other {{count} products}}",
    "notify-remove-collections-from-channel-success": "Successfully removed {count, plural, one {1 collection} other {{count} collections}} from { channelCode }",
    "notify-remove-facets-from-channel-success": "Successfully removed {count, plural, one {1 facet} other {{count} facets}} from { channelCode }",
    "notify-remove-product-from-channel-error": "Could not remove product from channel",
    "notify-remove-product-from-channel-success": "Successfully removed product from channel",
    "notify-remove-variant-from-channel-error": "Could not remove product variant from channel",
    "notify-remove-variant-from-channel-success": "Successfully removed product variant from channel",
    "option": "Option",
    "option-name": "Option name",
    "option-values": "Option values",
    "out-of-stock-threshold": "Out-of-stock threshold",
    "out-of-stock-threshold-tooltip": "Sets the stock level at which this variant is considered to be out of stock. Using a negative value enables backorder support.",
    "pending-search-index-updates": "Search index has pending updates to run",
    "price": "Price",
    "price-conversion-factor": "Price conversion factor",
    "price-in-channel": "Price in { channel }",
    "price-includes-tax-at": "Includes tax at { rate }%",
    "price-with-tax-in-default-zone": "Inc. { rate }% tax: { price }",
    "private": "Private",
    "product-details": "Product details",
    "product-name": "Product name",
    "product-variants": "Product variants",
    "public": "Public",
    "rebuild-search-index": "Rebuild search index",
    "reindex-error": "An error occurred while rebuilding search index",
    "reindex-successful": "Indexed {count, plural, one {product variant} other {{count} product variants}} in {time}ms",
    "reindexing": "Rebuilding search index",
    "remove-from-channel": "Remove from {channelCode, select, undefined{channel} other{{channelCode}}}",
    "remove-option": "Remove option",
    "remove-product-from-channel": "Remove product from channel",
    "remove-product-variant-from-channel": "Remove product variant from channel",
    "root-collection": "Root collection",
    "run-pending-search-index-updates": "Run {count, plural, one {1 pending update} other {{count} pending updates}}",
    "running-search-index-updates": "Running {count, plural, one {1 update} other {{count} updates}} to search index",
    "search-asset-name-or-tag": "Search by asset name or tags",
    "search-for-term": "Search for term",
    "search-index-controls": "Search index controls",
    "search-product-name-or-code": "Search by product name or code",
    "select-product": "Select product",
    "select-product-variant": "Select product variant",
    "sku": "SKU",
    "slug": "Slug",
    "slug-pattern-error": "Slug is invalid",
    "stock-allocated": "Allocated",
    "stock-allocated-tooltip": "The number of units allocated to Orders which have checked out but not yet been fulfilled",
    "stock-on-hand": "Stock",
    "stock-on-hand-tooltip": "Stock on hand - the number of physical units available in stock",
    "stock-saleable": "Saleable",
    "stock-saleable-tooltip": "The number of saleable units, comprising the stock on hand - allocated, taking into account the out-of-stock threshold",
    "tax-category": "Tax category",
    "taxes": "Taxes",
    "track-inventory": "Track inventory",
    "track-inventory-false": "Do not track",
    "track-inventory-inherit": "Inherit from global settings",
    "track-inventory-tooltip": "When tracked, product variant stock levels will be automatically adjusted when sold",
    "track-inventory-true": "Track",
    "update-product-option": "Update product option",
    "use-global-value": "Use global value",
    "values": "Values",
    "variant": "Variant",
    "view-contents": "View contents",
    "visibility": "Visibility"
  },
  "common": {
    "ID": "ID",
    "actions": "Actions",
    "add-item-to-list": "Add item to list",
    "add-new-variants": "Add {count, plural, one {1 variant} other {{count} variants}}",
    "add-note": "Add note",
    "available-languages": "Available languages",
    "boolean-and": "and",
    "boolean-or": "or",
    "browser-default": "Browser default",
    "cancel": "Cancel",
    "cancel-navigation": "Cancel navigation",
    "change-selection": "Change selection",
    "channel": "Channel",
    "channels": "Channels",
    "clear-selection": "Clear selection",
    "close": "Close",
    "code": "Code",
    "collapse-entries": "Collapse entries",
    "confirm": "Confirm",
    "confirm-delete-note": "Delete note?",
    "confirm-navigation": "Confirm navigation",
    "create": "Create",
    "created-at": "Created at",
    "custom-fields": "Custom fields",
    "default-channel": "Default channel",
    "default-language": "Default language",
    "default-tax-category": "Default tax category",
    "delete": "Delete",
    "description": "Description",
    "details": "Details",
    "disabled": "Disabled",
    "discard-changes": "Discard changes",
    "edit": "Edit",
    "edit-field": "Edit field",
    "edit-note": "Edit note",
    "enabled": "Enabled",
    "expand-entries": "Expand entries",
    "extension-running-in-separate-window": "Extension is running in a separate window",
    "filter": "Filter",
    "force-delete": "Force delete",
    "force-remove": "Force remove",
    "general": "General",
    "guest": "Guest",
    "items-per-page-option": "{ count } per page",
    "items-selected-count": "{ count } {count, plural, one {item} other {items}} selected",
    "keep-editing": "Keep editing",
    "language": "Language",
    "launch-extension": "Launch extension",
    "live-update": "Live update",
    "locale": "Locale",
    "log-out": "Log out",
    "login": "Log in",
    "manage-tags": "Manage tags",
    "manage-tags-description": "Update or delete tags globally.",
    "medium-date": "Medium date",
    "more": "More...",
    "name": "Name",
    "no-bulk-actions-available": "No bulk actions available",
    "no-results": "No results",
    "not-applicable": "Not applicable",
    "not-set": "Not set",
    "notify-bulk-update-success": "Updated { count } { entity }",
    "notify-create-error": "An error occurred, could not create { entity }",
    "notify-create-success": "Created new { entity }",
    "notify-delete-error": "An error occurred, could not delete { entity }",
    "notify-delete-success": "Deleted { entity }",
    "notify-remove-products-from-channel-success": "Successfully removed { count } products from channel",
    "notify-save-changes-error": "An error occurred, could not save changes",
    "notify-saved-changes": "Saved changes",
    "notify-update-error": "An error occurred, could not update { entity }",
    "notify-update-success": "Updated { entity }",
    "notify-updated-tags-success": "Successfully updated tags",
    "okay": "Okay",
    "open": "Open",
    "password": "Password",
    "price": "Price",
    "price-with-tax": "Price with tax",
    "private": "Private",
    "public": "Public",
    "remember-me": "Remember me",
    "remove": "Remove",
    "remove-item-from-list": "Remove item from list",
    "results-count": "{ count } {count, plural, one {result} other {results}}",
    "sample-formatting": "Sample formatting",
    "select": "Select...",
    "select-display-language": "Select display language",
    "select-items-with-count": "Select { count } {count, plural, one {item} other {items}}",
    "select-products": "Select products",
    "select-relation-id": "Select relation ID",
    "select-today": "Select today",
    "select-variants": "Select variants",
    "set-language": "Set language",
    "short-date": "Short date",
    "tags": "Tags",
    "theme": "Theme",
    "there-are-unsaved-changes": "There are unsaved changes. Navigating away will cause these changes to be lost.",
    "toggle-all": "Toggle all",
    "total-items": "{currentStart} - {currentEnd} of {totalItems}",
    "update": "Update",
    "updated-at": "Updated at",
    "username": "Username",
    "view-next-month": "View next month",
    "view-previous-month": "View previous month",
    "with-selected": "With {count} selected...",
    "login-title": "Log in to {brand}",
    "login-image-title": "Hi! Welcome back. Good to see you."
  },
  "customer": {
    "add-customer-to-group": "Add customer to group",
    "add-customer-to-groups-with-count": "Add customer to {count, plural, one {1 group} other {{count} groups}}",
    "add-customers-to-group": "Add customers to group",
    "add-customers-to-group-success": "Added {customerCount, plural, one {1 customer} other {{customerCount} customers}} to \"{ groupName }\"",
    "add-customers-to-group-with-count": "Add {count, plural, one {1 customer} other {{count} customers}}",
    "add-customers-to-group-with-name": "Add customers to \"{ groupName }\"",
    "addresses": "Addresses",
    "city": "City",
    "company": "Company",
    "confirm-delete-customer-group": "Delete customer group?",
    "confirm-remove-customer-from-group": "Remove customer from group?",
    "country": "Country",
    "create-customer-group": "Create customer group",
    "create-new-address": "Create new address",
    "create-new-customer": "Create new customer",
    "create-new-customer-group": "Create new customer group",
    "customer-groups": "Customer groups",
    "customer-history": "Customer history",
    "customer-type": "Customer type",
    "default-billing-address": "Default billing",
    "default-shipping-address": "Default shipping",
    "email-address": "Email address",
    "email-verification-sent": "A verification email has been sent to { emailAddress }",
    "first-name": "First name",
    "full-name": "Full name",
    "guest": "Guest",
    "history-customer-added-to-group": "Customer added to group \"{ groupName }\"",
    "history-customer-address-created": "Address created",
    "history-customer-address-deleted": "Address deleted",
    "history-customer-address-updated": "Address updated",
    "history-customer-detail-updated": "Customer details updated",
    "history-customer-email-update-requested": "Email address update requested",
    "history-customer-email-update-verified": "Email address update verified",
    "history-customer-password-reset-requested": "Password reset requested",
    "history-customer-password-reset-verified": "Password reset verified",
    "history-customer-password-updated": "Password updated",
    "history-customer-registered": "Customer registered",
    "history-customer-removed-from-group": "Customer removed from group \"{ groupName }\"",
    "history-customer-verified": "Customer verified",
    "history-using-external-auth-strategy": "using { strategy }",
    "history-using-native-auth-strategy": "using email address",
    "last-login": "Last login",
    "last-name": "Last name",
    "name": "Name",
    "new-email-address": "New email address",
    "no-orders-placed": "No orders placed",
    "not-a-member-of-any-groups": "This customer is not a member of any groups",
    "old-email-address": "Old email address",
    "orders": "Orders",
    "password": "Password",
    "phone-number": "Phone number",
    "postal-code": "Postal code",
    "province": "Province",
    "registered": "Registered",
    "remove-customers-from-group-success": "Removed {customerCount, plural, one {1 customer} other {{customerCount} customers}} from \"{ groupName }\"",
    "remove-from-group": "Remove from this group",
    "search-by-group-name": "Search by group name",
    "search-customers-by-email": "Search by email address",
    "search-customers-by-email-last-name-postal-code": "Search by email / last name / postal code",
    "select-customer": "Select customer",
    "set-as-default-billing-address": "Set as default billing",
    "set-as-default-shipping-address": "Set as default shipping",
    "street-line-1": "Street line 1",
    "street-line-2": "Street line 2",
    "title": "Title",
    "update-customer-group": "Update customer group",
    "verified": "Verified",
    "view-group-members": "View group members"
  },
  "dashboard": {
    "add-widget": "Add widget",
    "latest-orders": "Latest orders",
    "orders-summary": "Orders summary",
    "remove-widget": "Remove widget",
    "thisMonth": "This month",
    "thisWeek": "This week",
    "today": "Today",
    "total-order-value": "Total value",
    "total-orders": "Total orders",
    "widget-resize": "Resize",
    "widget-width": "Width: {width}",
    "yesterday": "Yesterday"
  },
  "datetime": {
    "ago-days": "{count, plural, one {1 day} other {{count} days}} ago",
    "ago-hours": "{count, plural, one {1 hr} other {{count} hrs}} ago",
    "ago-minutes": "{count, plural, one {1 min} other {{count} mins}} ago",
    "ago-seconds": "{count, plural, =0 {just now} one {1 sec ago} other {{count} secs ago}}",
    "ago-years": "{count, plural, one {1 year} other {{count} years}} ago",
    "duration-milliseconds": "{ms}ms",
    "duration-minutes:seconds": "{m}:{s}m",
    "duration-seconds": "{s}s",
    "month-apr": "April",
    "month-aug": "August",
    "month-dec": "December",
    "month-feb": "February",
    "month-jan": "January",
    "month-jul": "July",
    "month-jun": "June",
    "month-mar": "March",
    "month-may": "May",
    "month-nov": "November",
    "month-oct": "October",
    "month-sep": "September",
    "time": "Time",
    "weekday-fr": "Fr",
    "weekday-mo": "Mo",
    "weekday-sa": "Sa",
    "weekday-su": "Su",
    "weekday-th": "Th",
    "weekday-tu": "Tu",
    "weekday-we": "We"
  },
  "editor": {
    "image-alt": "Description (alt)",
    "image-src": "Source",
    "image-title": "Title",
    "insert-image": "Insert image",
    "link-href": "Link href",
    "link-title": "Link title",
    "remove-link": "Remove",
    "set-link": "Set link"
  },
  "error": {
    "403-forbidden": "You are not currently authorized to access \"{ path }\". Either you lack permissions, or your session has expired.",
    "could-not-connect-to-server": "Could not connect to the Vendure server at { url }",
    "facet-value-form-values-do-not-match": "The number of values in the facet form does not match the actual number of values",
    "health-check-failed": "System health check failed",
    "no-default-shipping-zone-set": "This channel has no default shipping zone. This may cause errors when calculating order shipping charges.",
    "no-default-tax-zone-set": "This channel has no default tax zone, which will cause errors when calculating prices. Please create or select a zone.",
    "product-variant-form-values-do-not-match": "The number of variants in the product form does not match the actual number of variants"
  },
  "marketing": {
    "actions": "Actions",
    "add-action": "Add action",
    "add-condition": "Add condition",
    "conditions": "Conditions",
    "coupon-code": "Coupon code",
    "create-new-promotion": "Create new promotion",
    "ends-at": "Ends at",
    "per-customer-limit": "Per-customer limit",
    "search-by-coupon-code": "Search by coupon code",
    "search-by-name": "Search by name",
    "starts-at": "Starts at"
  },
  "nav": {
    "administrators": "Administrators",
    "assets": "Assets",
    "catalog": "Catalog",
    "channels": "Channels",
    "collections": "Collections",
    "countries": "Countries",
    "customer-groups": "Customer groups",
    "customers": "Customers",
    "facets": "Facets",
    "global-settings": "Global settings",
    "job-queue": "Job queue",
    "marketing": "Marketing",
    "orders": "Orders",
    "payment-methods": "Payment methods",
    "products": "Products",
    "promotions": "Promotions",
    "roles": "Roles",
    "sales": "Sales",
    "settings": "Settings",
    "shipping-methods": "Shipping methods",
    "system": "System",
    "system-status": "System Status",
    "tax-categories": "Tax categories",
    "tax-rates": "Tax Rates",
    "zones": "Zones"
  },
  "order": {
    "add-item-to-order": "Add item to order",
    "add-note": "Add note",
    "add-payment": "Add payment",
    "add-payment-to-order": "Add payment to order",
    "add-payment-to-order-success": "Successfully added a payment to the order",
    "add-surcharge": "Add surcharge",
    "added-items": "Added items",
    "amount": "Amount",
    "apply-filters": "Apply filters",
    "arrange-additional-payment": "Arrange additional payment",
    "billing-address": "Billing address",
    "cancel": "Cancel",
    "cancel-entire-order": "Cancel entire order",
    "cancel-fulfillment": "Cancel fulfillment",
    "cancel-modification": "Cancel modification",
    "cancel-order": "Cancel order or items",
    "cancel-payment": "Cancel payment",
    "cancel-reason-customer-request": "Customer request",
    "cancel-reason-not-available": "Not available",
    "cancel-selected-items": "Cancel selected items",
    "cancel-specified-items": "Cancel specified items",
    "cancellation-reason": "Cancellation reason",
    "cancelled-order-success": "Successfully cancelled order",
    "complete-draft-order": "Complete draft",
    "confirm-modifications": "Confirm modifications",
    "contents": "Contents",
    "create-fulfillment": "Create fulfillment",
    "create-fulfillment-success": "Created fulfillment",
    "customer": "Customer",
    "delete-draft-order": "Delete draft",
    "edit-billing-address": "Edit billing address",
    "edit-shipping-address": "Edit shipping address",
    "error-message": "Error message",
    "existing-address": "Existing address",
    "existing-customer": "Existing customer",
    "filter-custom": "Custom",
    "filter-preset-active": "Active",
    "filter-preset-completed": "Completed",
    "filter-preset-draft": "Draft",
    "filter-preset-open": "Open",
    "filter-preset-shipped": "Shipped",
    "fulfill": "Fulfill",
    "fulfill-order": "Fulfill order",
    "fulfillment": "Fulfillment",
    "fulfillment-method": "Fulfillment method",
    "history-coupon-code-applied": "Coupon code applied",
    "history-coupon-code-removed": "Coupon code removed",
    "history-fulfillment-created": "Fulfillment created",
    "history-fulfillment-delivered": "Fulfillment delivered",
    "history-fulfillment-shipped": "Fulfillment shipped",
    "history-fulfillment-transition": "Fulfillment transitioned from {from} to {to}",
    "history-items-cancelled": "{count} {count, plural, one {item} other {items}} cancelled",
    "history-order-cancelled": "Order cancelled",
    "history-order-created": "Order created",
    "history-order-fulfilled": "Order fulfilled",
    "history-order-modified": "Order modified",
    "history-order-transition": "Order transitioned from {from} to {to}",
    "history-payment-settled": "Payment settled",
    "history-payment-transition": "Payment #{id} transitioned from {from} to {to}",
    "history-refund-transition": "Refund #{id} transitioned from {from} to {to}",
    "item-count": "{count} {count, plural, one {item} other {items}}",
    "line-fulfillment-all": "All items fulfilled",
    "line-fulfillment-none": "No items fulfilled",
    "line-fulfillment-partial": "{ count } of { total } items fulfilled",
    "manually-transition-to-state": "Manually transition to state...",
    "manually-transition-to-state-message": "Manually transition the order to another state. Note that order states are governed by rules which may prevent certain transitions.",
    "modification-adding-items": "Adding {count} {count, plural, one {item} other {items}}",
    "modification-adding-surcharges": "Adding {count} {count, plural, one {surcharge} other {surcharges}}",
    "modification-adjusting-lines": "Adjusting {count} {count, plural, one {line} other {lines}}",
    "modification-not-settled": "Not settled",
    "modification-recalculate-shipping": "Recalculate shipping",
    "modification-settled": "Settled",
    "modification-summary": "Summary of modifications",
    "modification-updating-billing-address": "Updating billing address",
    "modification-updating-shipping-address": "Updating shipping address",
    "modifications": "Modifications",
    "modify-order": "Modify order",
    "modify-order-price-difference": "Price difference",
    "net-price": "Net price",
    "note": "Note",
    "note-is-private": "Note is private",
    "note-only-visible-to-administrators": "Visible to admins only",
    "note-visible-to-customer": "Visible to admins and customer",
    "order-history": "Order history",
    "order-state-diagram": "Order state diagram",
    "payment": "Payment",
    "payment-amount": "Payment amount",
    "payment-metadata": "Payment metadata",
    "payment-method": "Payment method",
    "payment-state": "State",
    "payment-to-refund": "Payment to refund",
    "placed-at": "Placed at",
    "placed-at-end": "Placed at - until",
    "placed-at-start": "Placed at - from",
    "preview-changes": "Preview changes",
    "product-name": "Product name",
    "product-sku": "SKU",
    "promotions-applied": "Promotions applied",
    "prorated-unit-price": "Prorated unit price",
    "quantity": "Quantity",
    "refund": "Refund",
    "refund-adjustment": "Adjustment",
    "refund-and-cancel-order": "Refund & cancel order",
    "refund-cancellation-reason": "Refund/cancellation reason",
    "refund-cancellation-reason-required": "Refund/cancellation reason is required",
    "refund-metadata": "Refund metadata",
    "refund-order-failed": "Refund failed",
    "refund-order-success": "Successfully refunded order",
    "refund-reason": "Refund reason",
    "refund-reason-customer-request": "Customer request",
    "refund-reason-not-available": "Not available",
    "refund-shipping": "Refund shipping",
    "refund-total": "Refund total",
    "refund-total-error": "Refund total must be between {min} and {max}",
    "refund-total-warning": "Refund total exceeds selected payment amount. The remaining refund amount will be refunded from the other payments.",
    "refund-with-amount": "Refund {amount}",
    "refunded-count": "{count} {count, plural, one {item} other {items}} refunded",
    "removed-items": "Removed items",
    "search-by-order-filters": "Search by name / code / transaction ID",
    "select-address": "Select address",
    "select-shipping-method": "Select shipping method",
    "select-state": "Select state",
    "set-billing-address": "Set billing address",
    "set-coupon-codes": "Set coupon codes",
    "set-customer-for-order": "Set customer",
    "set-fulfillment-state": "Mark as {state}",
    "set-shipping-address": "Set shipping address",
    "set-shipping-method": "Set shipping method",
    "settle-payment": "Settle payment",
    "settle-payment-error": "Could not settle payment",
    "settle-payment-success": "Successfully settled payment",
    "settle-refund": "Settle refund",
    "settle-refund-manual-instructions": "After manually refunding via your payment provider ({method}), enter the transaction ID here.",
    "settle-refund-success": "Successfully settled refund",
    "shipping": "Shipping",
    "shipping-address": "Shipping address",
    "shipping-cancelled": "Shipping cancelled",
    "shipping-method": "Shipping method",
    "state": "State",
    "sub-total": "Sub total",
    "successfully-updated-fulfillment": "Successfully updated fulfillment",
    "surcharges": "Surcharges",
    "tax-base": "Tax base",
    "tax-description": "Tax description",
    "tax-rate": "Tax rate",
    "tax-summary": "Tax summary",
    "tax-total": "Tax total",
    "total": "Total",
    "tracking-code": "Tracking code",
    "transaction-id": "Transaction ID",
    "transition-to-state": "Transition to { state } state",
    "transitioned-payment-to-state-success": "Successfully transitioned payment to { state }",
    "transitioned-to-state-success": "Successfully transitioned to { state }",
    "unable-to-transition-to-state-try-another": "The order could not be transitioned back to the \"{state}\" state. Please select an alternative state.",
    "unfulfilled": "Unfulfilled",
    "unit-price": "Unit price"
  },
  "settings": {
    "add-countries-to-zone": "Add countries to { zoneName }",
    "add-countries-to-zone-success": "Added { countryCount } {countryCount, plural, one {country} other {countries}} to zone \"{ zoneName }\"",
    "add-products-to-test-order": "Add products to the test order",
    "channel": "Channel",
    "channel-token": "Channel token",
    "confirm-delete-payment-method": "Delete payment method?",
    "confirm-delete-role": "Delete role?",
    "confirm-delete-tax-category": "Delete tax category?",
    "confirm-delete-tax-rate": "Delete tax rate?",
    "create-new-channel": "Create new channel",
    "create-new-country": "Create new country",
    "create-new-payment-method": "Create new payment method",
    "create-new-role": "Create new role",
    "create-new-shipping-method": "Create new shipping method",
    "create-new-tax-category": "Create tax category",
    "create-new-tax-rate": "Create new tax rate",
    "create-new-zone": "Create new zone",
    "create-zone": "Create zone",
    "currency": "Currency",
    "default-role-label": "This is a default Role and cannot be modified",
    "default-shipping-zone": "Default shipping zone",
    "default-tax-zone": "Default tax zone",
    "eligible": "Eligible",
    "email-address": "Email address",
    "filter-by-member-name": "Filter by country",
    "first-name": "First name",
    "fulfillment-handler": "Fulfillment handler",
    "global-out-of-stock-threshold": "Global out-of-stock threshold",
    "global-out-of-stock-threshold-tooltip": "Sets the stock level at which this a variant is considered to be out of stock. Using a negative value enables backorder support. Can be overridden by product variants.",
    "last-name": "Last name",
    "no-eligible-shipping-methods": "No eligible shipping methods",
    "password": "Password",
    "payment-eligibility-checker": "Payment eligibility checker",
    "payment-handler": "Payment handler",
    "permissions": "Permissions",
    "prices-include-tax": "Prices include tax for the default Zone",
    "profile": "Profile",
    "rate": "Rate",
    "remove-countries-from-zone-success": "Removed { countryCount } {countryCount, plural, one {country} other {countries}} from zone \"{ zoneName }\"",
    "remove-from-zone": "Remove from zone",
    "roles": "Roles",
    "search-by-product-name-or-sku": "Search by product name or SKU",
    "search-country-by-name": "Search countries by name",
    "shipping-calculator": "Shipping calculator",
    "shipping-eligibility-checker": "Shipping eligibility checker",
    "shipping-method": "Shipping Method",
    "tax-category": "Tax category",
    "tax-rate": "Tax rate",
    "test-address": "Test address",
    "test-order": "Test order",
    "test-result": "Test result",
    "test-shipping-method": "Test shipping method",
    "test-shipping-methods": "Test shipping methods",
    "track-inventory-default": "Track inventory by default",
    "update-zone": "Update zone",
    "view-zone-members": "View members",
    "zone": "Zone"
  },
  "state": {
    "adding-items": "Adding items",
    "all-orders": "All order states",
    "arranging-additional-payment": "Arranging additional payment",
    "arranging-payment": "Arranging payment",
    "authorized": "Authorized",
    "cancelled": "Cancelled",
    "created": "Created",
    "declined": "Declined",
    "delivered": "Delivered",
    "draft": "Draft",
    "error": "Error",
    "failed": "Failed",
    "modifying": "Modifying",
    "partially-delivered": "Partially delivered",
    "partially-shipped": "Partially shipped",
    "payment-authorized": "Payment authorized",
    "payment-settled": "Payment settled",
    "pending": "Pending",
    "settled": "Settled",
    "shipped": "Shipped"
  },
  "system": {
    "all-job-queues": "All job queues",
    "health-all-systems-up": "All systems up",
    "health-error": "Error: one or more systems are down!",
    "health-last-checked": "Last checked",
    "health-message": "Message",
    "health-refresh": "Refresh",
    "health-status": "Status",
    "health-status-down": "Down",
    "health-status-up": "Up",
    "hide-settled-jobs": "Hide settled jobs",
    "job-data": "Job data",
    "job-duration": "Duration",
    "job-error": "Job error",
    "job-queue-name": "Queue name",
    "job-result": "Job result",
    "job-state": "Job state"
  }
}
