{
  "admin": {
    "create-new-administrator": "Crear nuevo administrador",
    "search-administrator": "Buscar por nombre / apellido / correo electrónico"
  },
  "asset": {
    "add-asset": "Añadir recurso",
    "add-asset-with-count": "Añadir {count, plural, 0 {recurso} one {1 recurso} other {{count} recursos}}",
    "assets-selected-count": "{ count } recursos seleccionados",
    "dimensions": "Dimensiones",
    "focal-point": "Punto focal",
    "notify-create-assets-success": "{count, plural, one {Nuevo recurso} other {{count} Nuevos recursos}} {count, plural, one {creado} other {creados}} con éxito",
    "original-asset-size": "Tamaño original",
    "preview": "Vista previa",
    "remove-asset": "Eliminar recurso",
    "select-asset": "Seleccionar recurso",
    "select-assets": "Seleccionar recursos",
    "set-as-featured-asset": "Seleccionar como recurso por defecto",
    "set-focal-point": "Fijar punto focal",
    "source-file": "Fichero original",
    "unset-focal-point": "Quitar punto focal",
    "update-focal-point": "Actualizar punto focal",
    "update-focal-point-error": "No se ha podido actualizar el punto focal",
    "update-focal-point-success": "Punto focal actualizado",
    "upload-assets": "Subir recursos",
    "uploading": "Subiendo..."
  },
  "breadcrumb": {
    "administrators": "Administradores",
    "assets": "Recursos",
    "channels": "Canales de venta",
    "collections": "Colecciones",
    "countries": "Países",
    "customer-groups": "Grupos de clientes",
    "customers": "Clientes",
    "dashboard": "Panel de control",
    "facets": "Etiquetas",
    "global-settings": "Ajustes globales",
    "job-queue": "Cola de tareas",
    "manage-variants": "Gestionar variantes",
    "modifying": "Modificando",
    "orders": "Pedidos",
    "payment-methods": "Métodos de pago",
    "product-options": "Opciones de producto",
    "products": "Productos",
    "profile": "Perfil",
    "promotions": "Promociones",
    "roles": "Roles",
    "shipping-methods": "Métodos de envío",
    "system-status": "Estado del sistema",
    "tax-categories": "Categorías de impuestos",
    "tax-rates": "Tasas de impuestos",
    "zones": "Zonas"
  },
  "catalog": {
    "add-facet-value": "Añadir valor de faceta",
    "add-facets": "Añadir facetas",
    "add-option": "Añadir opción",
    "asset-preview-links": "",
    "assign-collections-to-channel-success": "",
    "assign-facets-to-channel-success": "",
    "assign-product-to-channel-success": "Producto asignado a \"{ channel }\" con éxito",
    "assign-products-to-channel": "Asignar productos a canal de ventas",
    "assign-to-channel": "Asignar a canal de ventas",
    "assign-to-named-channel": "Asignar a { channelCode }",
    "assign-variant-to-channel-success": "Variante de producto asignada a \"{ channel }\" con éxito",
    "assign-variants-to-channel": "Asignar variantes de producto a canal de ventas",
    "auto-update-option-variant-name": "Actualiza los nombres de las variantes de producto automáticamente usando esta opción",
    "auto-update-product-variant-name": "Actualiza los nombres de las variantes de producto automáticamente",
    "channel-price-preview": "Vista previa de precio para el canal de ventas",
    "collection-contents": "Contenidos de la colección",
    "confirm-bulk-delete-collections": "",
    "confirm-bulk-delete-facets": "",
    "confirm-bulk-delete-products": "",
    "confirm-cancel": "",
    "confirm-delete-administrator": "¿Eliminar administrador?",
    "confirm-delete-assets": "¿Eliminar recurso?",
    "confirm-delete-channel": "¿Eliminar canal de ventas?",
    "confirm-delete-collection": "¿Eliminar colección?",
    "confirm-delete-collection-and-children-body": "Eliminar esta colección también eliminará las sub-colecciones",
    "confirm-delete-country": "¿Eliminar país?",
    "confirm-delete-customer": "¿Eliminar cliente?",
    "confirm-delete-facet": "¿Eliminar faceta?",
    "confirm-delete-facet-value": "¿Eliminar valor de faceta?",
    "confirm-delete-product": "¿Eliminar producto?",
    "confirm-delete-product-option": "",
    "confirm-delete-product-option-group": "",
    "confirm-delete-product-variant": "¿Eliminar variante?",
    "confirm-delete-promotion": "¿Eliminar promoción?",
    "confirm-delete-shipping-method": "¿Eliminar método de envío?",
    "confirm-delete-zone": "¿Eliminar zona?",
    "confirm-deletion-of-unused-variants-body": "Las siguientes variantes de producto han quedado obsoletas debido a la incorporación de nuevas opciones. Se eliminarán durante la creación de las nuevas variantes de producto.",
    "confirm-deletion-of-unused-variants-title": "¿Eliminar variantes de producto obsoletas?",
    "create-draft-order": "",
    "create-new-collection": "Crear nueva colección",
    "create-new-facet": "Crear nueva faceta",
    "create-new-product": "Crear nuevo producto",
    "created-new-variants-success": "{count} {count, plural, one {Variante} other {Variantes}} {count, plural, one {nueva} other {nuevas}} {count, plural, one {creada} other {creadas}} con éxito",
    "default-variant": "Variante por defecto",
    "display-variant-cards": "Ver detalles",
    "display-variant-table": "Ver como tabla",
    "drop-files-to-upload": "Arrastra recursos para subirlos",
    "duplicate-sku-warning": "Por favor, asegúrese de que todos los códigos de referencia son únicos",
    "edit-facet-values": "",
    "edit-options": "Editar opciones",
    "expand-all-collections": "Expandir todas las colecciones",
    "facet-value-not-available": "",
    "facet-values": "Valores de faceta",
    "filter-by-name": "Filtrar por nombre",
    "filter-by-name-or-sku": "Filtrar por código de referencia",
    "filters": "Filtros",
    "group-by-product": "Agrupar por producto",
    "live-preview-contents": "",
    "manage-variants": "Gestionar variantes",
    "move-down": "Mover abajo",
    "move-to": "Mover a",
    "move-up": "Mover arriba",
    "no-channel-selected": "Ninún canal seleccionado",
    "no-featured-asset": "Sin recurso destacado",
    "no-selection": "Sin selección",
    "notify-bulk-delete-collections-success": "",
    "notify-bulk-delete-facets-success": "",
    "notify-bulk-delete-products-success": "",
    "notify-remove-collections-from-channel-success": "",
    "notify-remove-facets-from-channel-success": "",
    "notify-remove-product-from-channel-error": "No fue posible eliminar el producto del canal",
    "notify-remove-product-from-channel-success": "Producto eliminado del canal con éxito",
    "notify-remove-variant-from-channel-error": "No fue posible eliminar la variante de producto del canal",
    "notify-remove-variant-from-channel-success": "Variante de producto eliminada del canal con éxito",
    "option": "Opción",
    "option-name": "Nombre de la opción",
    "option-values": "Valores de la opción",
    "out-of-stock-threshold": "Límite de agotamiento de existencias",
    "out-of-stock-threshold-tooltip": "Fija el nivel de existencias a partir del cual se considera que esta variante está agotada. El uso de un valor negativo activa el soporte de pedidos pendientes.",
    "pending-search-index-updates": "",
    "price": "Precio",
    "price-conversion-factor": "Factor de conversión de precio",
    "price-in-channel": "Precio en { channel }",
    "price-includes-tax-at": "Los precios incluyen impuestos: { rate }%",
    "price-with-tax-in-default-zone": "Precio con { rate }% impuestos: { price }",
    "private": "Privado",
    "product-details": "Detalles de producto",
    "product-name": "Nombre del producto",
    "product-variants": "Variantes de producto",
    "public": "Público",
    "rebuild-search-index": "Reconstruir índice de búsqueda",
    "reindex-error": "Ha ocurrido un error reconstruyendo el índice de búsqueda",
    "reindex-successful": "Indexado {count, plural, one {variante} other {{count} variantes}} en {time}ms",
    "reindexing": "Reconstruyendo índice de búsqueda",
    "remove-from-channel": "Eliminar del canal de ventas",
    "remove-option": "Eliminar opción",
    "remove-product-from-channel": "Eliminar producto del canal de ventas",
    "remove-product-variant-from-channel": "Eliminar variante de producto del canal de ventas ",
    "root-collection": "",
    "run-pending-search-index-updates": "",
    "running-search-index-updates": "",
    "search-asset-name-or-tag": "Buscar por nombre de recurso o faceta",
    "search-for-term": "Buscar por término",
    "search-index-controls": "",
    "search-product-name-or-code": "Buscar por nombre o código de producto",
    "select-product": "Seleccionar producto",
    "select-product-variant": "Seleccionar variante de producto",
    "sku": "SKU (Código de referencia)",
    "slug": "Slug",
    "slug-pattern-error": "Slug inválido",
    "stock-allocated": "Asignado",
    "stock-allocated-tooltip": "El número de unidades asignadas a los pedidos que se han retirado pero que aún no se han completado.",
    "stock-on-hand": "Stock disponible",
    "stock-on-hand-tooltip": "Stock disponible - el número de unidades físicas disponibles en stock",
    "stock-saleable": "Disponible para venta",
    "stock-saleable-tooltip": "El número de unidades disponibles para la venta, que comprende las existencias disponibles, se asigna teniendo en cuenta el límite de agotamiento de las existencias.",
    "tax-category": "Categoría de impuestos",
    "taxes": "Impuestos",
    "track-inventory": "Seguimiento de inventario",
    "track-inventory-false": "No seguir",
    "track-inventory-inherit": "Heredar de opciones globales",
    "track-inventory-tooltip": "Cuando se realiza seguimiento, los niveles de existencias de las variantes de productos se ajustarán automáticamente cuando se vendan",
    "track-inventory-true": "Seguir",
    "update-product-option": "Actualizar opción",
    "use-global-value": "Usar valor global",
    "values": "Valores",
    "variant": "Variantes",
    "view-contents": "Ver contenidos",
    "visibility": "Visibilidad"
  },
  "common": {
    "ID": "ID",
    "actions": "Acciones",
    "add-item-to-list": "Añadir artículo a la lista",
    "add-new-variants": "Añadir {count, plural, one {1 variante} other {{count} variantes}}",
    "add-note": "Añadir nota",
    "available-languages": "Idiomas disponibles",
    "boolean-and": "",
    "boolean-or": "",
    "browser-default": "",
    "cancel": "Cancelar",
    "cancel-navigation": "Cancelar navegación",
    "change-selection": "Cambiar selección",
    "channel": "Canal de ventas",
    "channels": "Canales de ventas",
    "clear-selection": "",
    "close": "Cerrar",
    "code": "Código",
    "collapse-entries": "Ocultar entradas",
    "confirm": "Confirmar",
    "confirm-delete-note": "¿Eliminar nota?",
    "confirm-navigation": "Confirmar navegación",
    "create": "Crear",
    "created-at": "Creado el",
    "custom-fields": "Campos personalizados",
    "default-channel": "Canal de ventas por defecto",
    "default-language": "Idioma por defecto",
    "default-tax-category": "Categoria de impuestos por defecto",
    "delete": "Eliminar",
    "description": "Descripción",
    "details": "Detalles",
    "disabled": "Deshabilitado",
    "discard-changes": "Descartar cambios",
    "edit": "Editar",
    "edit-field": "Editar campo",
    "edit-note": "Editar nota",
    "enabled": "Habilitado",
    "expand-entries": "Mostrar entradas",
    "extension-running-in-separate-window": "La extensión se está ejecutando en una nueva ventana",
    "filter": "Filtro",
    "force-delete": "",
    "force-remove": "",
    "general": "",
    "guest": "Invitado",
    "items-per-page-option": "{ count } por página",
    "items-selected-count": "",
    "keep-editing": "",
    "language": "Idioma",
    "launch-extension": "Ejecutar extensión",
    "live-update": "Actualización en vivo",
    "locale": "",
    "log-out": "Salir",
    "login": "Entrar",
    "manage-tags": "Gestionar facetas",
    "manage-tags-description": "Actualiza o elimina facetas globalmente.",
    "medium-date": "",
    "more": "Más...",
    "name": "Nombre",
    "no-bulk-actions-available": "",
    "no-results": "Sin resultados",
    "not-applicable": "",
    "not-set": "Sin fijar",
    "notify-bulk-update-success": "",
    "notify-create-error": "Ha ocurrido un problema, imposible de crear { entity }",
    "notify-create-success": "Creado nuevo { entity }",
    "notify-delete-error": "Ha ocurrido un problema, imposible de eliminar { entity }",
    "notify-delete-success": "Eliminado { entity }",
    "notify-remove-products-from-channel-success": "",
    "notify-save-changes-error": "Ha ocurrido un problema, imposible de guardar cambios",
    "notify-saved-changes": "Cambios guardados",
    "notify-update-error": "Ha ocurrido un problema, imposible de actualizar{ entity }",
    "notify-update-success": "Actualizado { entity }",
    "notify-updated-tags-success": "Etiquetas actualizadas con éxito",
    "okay": "",
    "open": "Abrir",
    "password": "Contraseña",
    "price": "Precio",
    "price-with-tax": "Precio (impuesto incluido)",
    "private": "Privado",
    "public": "Público",
    "remember-me": "Recordarme",
    "remove": "Borrar",
    "remove-item-from-list": "Eliminar elemento de la lista",
    "results-count": "{ count } {count, plural, one {resultado} other {resultados}}",
    "sample-formatting": "",
    "select": "Seleccionar...",
    "select-display-language": "Seleccionar idioma de interfaz",
    "select-items-with-count": "",
    "select-products": "",
    "select-relation-id": "",
    "select-today": "Hoy",
    "select-variants": "",
    "set-language": "",
    "short-date": "",
    "tags": "Etiquetas",
    "theme": "Tema",
    "there-are-unsaved-changes": "Hay cambios sin guardar. Si sale de este sitio sus cambios se perderán.",
    "toggle-all": "Activar todo",
    "total-items": "{currentStart} - {currentEnd} de {totalItems}",
    "update": "Actualizar",
    "updated-at": "Actualizado el",
    "username": "Nombre de usuario",
    "view-next-month": "Ver próximo mes",
    "view-previous-month": "Ver mes anterior",
    "with-selected": "Seleccionados"
  },
  "customer": {
    "add-customer-to-group": "Añadir cliente al grupo",
    "add-customer-to-groups-with-count": "Añadir {count, plural, one {cliente} other {{count} clientes}} a {count, plural, one {1 grupo} other {{count} grupos}}",
    "add-customers-to-group": "Añadir clientes al grupo",
    "add-customers-to-group-success": "{customerCount, plural, one {1 cliente} other {{customerCount} clientes}} {customerCount, plural, one {añadido} other {añadidos}} a \"{ groupName }\"",
    "add-customers-to-group-with-count": "Añadir {count, plural, one {1 cliente} other {{count} clientes}}",
    "add-customers-to-group-with-name": "Añadir clientes a \"{ groupName }\"",
    "addresses": "Direcciones",
    "city": "Ciudad",
    "company": "",
    "confirm-delete-customer-group": "¿Eliminar grupo de clientes?",
    "confirm-remove-customer-from-group": "¿Eliminar cliente del grupo?",
    "country": "País",
    "create-customer-group": "Crear grupo de clientes",
    "create-new-address": "Crear nueva dirección",
    "create-new-customer": "Crear nuevo cliente",
    "create-new-customer-group": "Crear nuevo grupo de clientes",
    "customer-groups": "Grupos de clientes",
    "customer-history": "Historial del cliente",
    "customer-type": "Tipo de cliente",
    "default-billing-address": "Facturación (Por defecto)",
    "default-shipping-address": "Envío (Por defecto)",
    "email-address": "Dirección de correo electrónico",
    "email-verification-sent": "Mensaje de verificación enviado a { emailAddress }",
    "first-name": "Nombre",
    "full-name": "Nombre Completo",
    "guest": "Invitado",
    "history-customer-added-to-group": "Cliente añadido al grupo \"{ groupName }\"",
    "history-customer-address-created": "Dirección creada",
    "history-customer-address-deleted": "Dirección eliminada",
    "history-customer-address-updated": "Dirección actualizada",
    "history-customer-detail-updated": "Detalles de cliente actualizados",
    "history-customer-email-update-requested": "Actualización de dirección de correo electrónico solicitada",
    "history-customer-email-update-verified": "Actualización de dirección de correo electrónico verificada",
    "history-customer-password-reset-requested": "Reinicio de contraseña solicitado",
    "history-customer-password-reset-verified": "Reinicio de contraseña verificado",
    "history-customer-password-updated": "Contraseña actualizada",
    "history-customer-registered": "Cliente registrado",
    "history-customer-removed-from-group": "Cliente eliminado del grupo \"{ groupName }\"",
    "history-customer-verified": "Cliente verificado",
    "history-using-external-auth-strategy": "Usando { strategy}",
    "history-using-native-auth-strategy": "Usando dirección de correo electrónico",
    "last-login": "Último login",
    "last-name": "Apellidos",
    "name": "Nombre",
    "new-email-address": "Nueva dirección de correo electrónico",
    "no-orders-placed": "No tienes ningún pedido aún.",
    "not-a-member-of-any-groups": "Este cliente no es miembro de ningún grupo",
    "old-email-address": "Dirección de correo electrónico antigua",
    "orders": "Pedidos",
    "password": "Contraseña",
    "phone-number": "Número de teléfono",
    "postal-code": "Código postal",
    "province": "Provincia",
    "registered": "Registrado",
    "remove-customers-from-group-success": "{customerCount, plural, one {1 cliente} other {{customerCount} clientes}} {customerCount, plural, one {eliminado} other {eliminados}} de \"{ groupName }\"",
    "remove-from-group": "Eliminar del grupo",
    "search-by-group-name": "Buscar por término",
    "search-customers-by-email": "Buscar por correo electrónico",
    "search-customers-by-email-last-name-postal-code": "Buscar por apellido / correo electrónico / Código postal",
    "select-customer": "Seleccionar cliente",
    "set-as-default-billing-address": "Fijar como dirección de facturación por defecto",
    "set-as-default-shipping-address": "Fijar como dirección de envío por defecto",
    "street-line-1": "Calle linea 1",
    "street-line-2": "Calle linea 2",
    "title": "Título",
    "update-customer-group": "Actualizar grupo de cliente",
    "verified": "Verificado",
    "view-group-members": "Ver miembros del grupo"
  },
  "dashboard": {
    "add-widget": "Añadir widget",
    "latest-orders": "Últimos pedidos",
    "orders-summary": "Resumen de pedidos",
    "remove-widget": "Eliminar widget",
    "thisMonth": "Este mes",
    "thisWeek": " Esta semana",
    "today": "Hoy",
    "total-order-value": "Valor total",
    "total-orders": "Total de pedidos",
    "widget-resize": "Cambiar tamaño",
    "widget-width": "Ancho: {width}",
    "yesterday": "Ayer"
  },
  "datetime": {
    "ago-days": "Hace {count, plural, one {1 día} other {{count} días}}",
    "ago-hours": "Hace {count, plural, one {1h} other {{count}h}}",
    "ago-minutes": "Hace {count, plural, one {1 min} other {{count} min}}",
    "ago-seconds": "{count, plural, =0 {Ahora mismo} one {Hace 1s} other {Hace {count}s}}",
    "ago-years": "Hace {count, plural, one {1 año} other {{count} años}}",
    "duration-milliseconds": "{ms}ms",
    "duration-minutes:seconds": "{m}:{s}m",
    "duration-seconds": "{s}s",
    "month-apr": "Abril",
    "month-aug": "Agosto",
    "month-dec": "Diciembre",
    "month-feb": "Febrero",
    "month-jan": "Enero",
    "month-jul": "Julio",
    "month-jun": "Junio",
    "month-mar": "Marzo",
    "month-may": "Mayo",
    "month-nov": "Noviembre",
    "month-oct": "Octubre",
    "month-sep": "Septiembre",
    "time": "Hora",
    "weekday-fr": "Vi",
    "weekday-mo": "Lu",
    "weekday-sa": "Sa",
    "weekday-su": "Do",
    "weekday-th": "Ju",
    "weekday-tu": "Ma",
    "weekday-we": "Mi"
  },
  "editor": {
    "image-alt": "Descripción (alt)",
    "image-src": "Archivo",
    "image-title": "Título",
    "insert-image": "Insertar imagen",
    "link-href": "Enlace href",
    "link-title": "Título del enlace",
    "remove-link": "Eliminar",
    "set-link": "Establecer enlace"
  },
  "error": {
    "403-forbidden": "Actualmente no está autorizado para acceder a \"{ path }\". O bien carece de permisos, o su sesión ha expirado.",
    "could-not-connect-to-server": "No se ha podido conectar con el servidor de vendure en { url }",
    "facet-value-form-values-do-not-match": "El número de valores en el formulario de la faceta no coincide con el número real de valores",
    "health-check-failed": "El sistema de control de integridad falló",
    "no-default-shipping-zone-set": "Este canal no tiene una zona de envío por defecto. Esto puede causar errores al calcular los gastos de envío del pedido.",
    "no-default-tax-zone-set": "Este canal no tiene una zona fiscal por defecto, lo que provocará errores al calcular los precios. Por favor, cree o seleccione una zona.",
    "product-variant-form-values-do-not-match": "El número de variantes en el formulario del producto no coincide con el número real de variantes"
  },
  "marketing": {
    "actions": "Acciones",
    "add-action": "Añadir acción",
    "add-condition": "Añadir condición",
    "conditions": "Condiciones",
    "coupon-code": "Código de descuento",
    "create-new-promotion": "Crear nueva promoción",
    "ends-at": "Finaliza el",
    "per-customer-limit": "Límite por cliente",
    "search-by-coupon-code": "Buscar por código de descuento",
    "search-by-name": "Buscar por nombre",
    "starts-at": "Comienza el"
  },
  "nav": {
    "administrators": "Administradores",
    "assets": "Recursos",
    "catalog": "Catálogo",
    "channels": "Ventas",
    "collections": "Colecciones",
    "countries": "Países",
    "customer-groups": "Grupos de clientes",
    "customers": "Clientes",
    "facets": "Etiquetas",
    "global-settings": "Ajustes globales",
    "job-queue": "Cola de trabajos",
    "marketing": "Marketing",
    "orders": "Pedidos",
    "payment-methods": "Pagos",
    "products": "Productos",
    "promotions": "Promociones",
    "roles": "Roles",
    "sales": "Ventas",
    "settings": "Ajustes",
    "shipping-methods": "Envíos",
    "system": "Sistema",
    "system-status": "Estado del sistema",
    "tax-categories": "Impuestos",
    "tax-rates": "Tasas",
    "zones": "Zonas"
  },
  "order": {
    "add-item-to-order": "Añadir artículo al pedido",
    "add-note": "Añadir una nota",
    "add-payment": "Añadir pagos",
    "add-payment-to-order": "Añadir pagos al pedido",
    "add-payment-to-order-success": "Método de pagos añadido al pedido con éxito",
    "add-surcharge": "Añadir recargo",
    "added-items": "Añadir artículos",
    "amount": "Precio",
    "apply-filters": "Aplicar filtros",
    "arrange-additional-payment": "Ordenar pagos adicionales",
    "billing-address": "Dirección de facturación",
    "cancel": "Cancelar",
    "cancel-entire-order": "",
    "cancel-fulfillment": "Cancelar orden",
    "cancel-modification": "Cancelar modificación",
    "cancel-order": "Cancelar pedido",
    "cancel-payment": "Cancelar pago",
    "cancel-reason-customer-request": "Solicitud del cliente",
    "cancel-reason-not-available": "No disponible",
    "cancel-selected-items": "Cancelar artículos seleccionados",
    "cancel-specified-items": "",
    "cancellation-reason": "Motivo de la cancelación",
    "cancelled-order-success": "Pedido cancelado con éxito",
    "complete-draft-order": "",
    "confirm-modifications": "Confirmar modificaciones",
    "contents": "Contenidos",
    "create-fulfillment": "Crear fulfillment",
    "create-fulfillment-success": "Fulfillment creado",
    "customer": "Cliente",
    "delete-draft-order": "",
    "edit-billing-address": "Editar dirección de facturación",
    "edit-shipping-address": "Editar dirección de envío",
    "error-message": "Mensaje de error",
    "existing-address": "",
    "existing-customer": "",
    "filter-custom": "Personalizado",
    "filter-preset-active": "Activo",
    "filter-preset-completed": "Completado",
    "filter-preset-draft": "",
    "filter-preset-open": "En curso",
    "filter-preset-shipped": "Enviado",
    "fulfill": "Completar",
    "fulfill-order": "Completar pedido",
    "fulfillment": "Fulfillment",
    "fulfillment-method": "Método de fulfillment",
    "history-coupon-code-applied": "Código de descuento aplicado",
    "history-coupon-code-removed": "Código de descuento eliminado",
    "history-fulfillment-created": "Fulfillment creado",
    "history-fulfillment-delivered": "Fulfillment entregado",
    "history-fulfillment-shipped": "Fulfillment enviado",
    "history-fulfillment-transition": "Fulfillment en tránsito desde {from} a {to}",
    "history-items-cancelled": "{count} {count, plural, one {artículo} other {artículos}} {count, plural, one {cancelado} other {cancelados}}",
    "history-order-cancelled": "Pedido cancelado",
    "history-order-created": "Pedido creado",
    "history-order-fulfilled": "Pedido completado",
    "history-order-modified": "Pedido modificado",
    "history-order-transition": "El pedido pasó de {from} a {to}",
    "history-payment-settled": "Pago liquidado",
    "history-payment-transition": "Pago #{id} pasó de {from} a {to}",
    "history-refund-transition": "Resembolso #{id} pasó de {from} a {to}",
    "item-count": "{count} {count, plural, one {artículo} other {artículos}}",
    "line-fulfillment-all": "Todos los artículos completados",
    "line-fulfillment-none": "Ningún artículo completado",
    "line-fulfillment-partial": "{ count } de { total } artículos completados",
    "manually-transition-to-state": "Transición de estado manual ...",
    "manually-transition-to-state-message": "Transición manual del pedido a otro estado. Tenga en cuenta que los estados de los pedidos se rigen por reglas que pueden impedir ciertas transiciones.",
    "modification-adding-items": "Añadiendo {count} {count, plural, one {artículo} other {artículos}}",
    "modification-adding-surcharges": "Añadiendo {count} {count, plural, one {recarga} other {recargas}}",
    "modification-adjusting-lines": "Ajustando {count} {count, plural, one {línea} other {líneas}}",
    "modification-not-settled": "No resuelto",
    "modification-recalculate-shipping": "Recalculando gastos de envío",
    "modification-settled": "Resuelto",
    "modification-summary": "Resumen de modificaciones",
    "modification-updating-billing-address": "Actualizando dirección de facturación",
    "modification-updating-shipping-address": "Actualizando dirección de envío",
    "modifications": "Modificaciones",
    "modify-order": "Modificar pedido",
    "modify-order-price-difference": "Diferencia de precio",
    "net-price": "Precio neto",
    "note": "Nota",
    "note-is-private": "La nota es privada",
    "note-only-visible-to-administrators": "Visible sólo para administradores",
    "note-visible-to-customer": "Visible para administradores y clientes",
    "order-history": "Historial de pedidos",
    "order-state-diagram": "Diagrama de estado de los pedidos",
    "payment": "Pago",
    "payment-amount": "Importe del pago",
    "payment-metadata": "Metadatos de pago",
    "payment-method": "Método de pago",
    "payment-state": "Estado",
    "payment-to-refund": "Pago por reembolso",
    "placed-at": "Realizado en",
    "placed-at-end": "Realizado en - hasta",
    "placed-at-start": "Realizado en - desde",
    "preview-changes": "Previsualizar cambios",
    "product-name": "Nombre del producto",
    "product-sku": "Código de referencia",
    "promotions-applied": "Promociones aplicadas",
    "prorated-unit-price": "Precio unitario prorrateado",
    "quantity": "Cantidad",
    "refund": "Reembolso",
    "refund-adjustment": "Ajuste",
    "refund-and-cancel-order": "Cancelación y Reembolso de pedido",
    "refund-cancellation-reason": "Motivo de Cancelación/Reembolso",
    "refund-cancellation-reason-required": "Se requiere un motivo de Cancelación/Reembolso",
    "refund-metadata": "Metadatos de reembolso",
    "refund-order-failed": "Reembolso fallido",
    "refund-order-success": "Pedido reembolsado con éxito",
    "refund-reason": "Motivo del Reembolso",
    "refund-reason-customer-request": "Solicitud de cliente",
    "refund-reason-not-available": "No disponible",
    "refund-shipping": "Reembolso de gastos de envío",
    "refund-total": "Total de reembolso",
    "refund-total-error": "El total del reembolso debe estar entre {min} y {max}",
    "refund-total-warning": "El total del reembolso supera el importe del pago seleccionado. El importe restante del reembolso se reembolsará de los otros pagos.",
    "refund-with-amount": "Reembolso {amount}",
    "refunded-count": "{count} {count, plural, one {artículo} other {artículos}} {count, plural, one {reembolsado} other {reembolsados}}",
    "removed-items": "Artículos eliminados",
    "search-by-order-filters": "Buscar por el código de pedido / apellido del cliente / ID de transacción",
    "select-address": "",
    "select-shipping-method": "",
    "select-state": "Seleccionar estado",
    "set-billing-address": "",
    "set-coupon-codes": "",
    "set-customer-for-order": "",
    "set-fulfillment-state": "Fijar como {state}",
    "set-shipping-address": "",
    "set-shipping-method": "",
    "settle-payment": "Liquidar pago",
    "settle-payment-error": "No pudo liquidar el pago",
    "settle-payment-success": "Pago liquidado con éxito",
    "settle-refund": "Liquidar el reembolso",
    "settle-refund-manual-instructions": "Introduzca aquí el ID de la transacción Después de reembolsar manualmente mediante su proveedor de pagos ({method})",
    "settle-refund-success": "Reembolso liquidado con éxito",
    "shipping": "Envío",
    "shipping-address": "Dirección de envío",
    "shipping-cancelled": "",
    "shipping-method": "Método de envío",
    "state": "Estado",
    "sub-total": "Sub total",
    "successfully-updated-fulfillment": "Fulfillment actualizado con éxito",
    "surcharges": "Recargas",
    "tax-base": "Base imponible",
    "tax-description": "Descripción del impuesto",
    "tax-rate": "Tipo impositivo",
    "tax-summary": "Resumen fiscal",
    "tax-total": "Total de impuestos",
    "total": "Total",
    "tracking-code": "Código de seguimiento",
    "transaction-id": "ID de transacción",
    "transition-to-state": "Transición al estado { state }",
    "transitioned-payment-to-state-success": "Pago transferido con éxito a { state }",
    "transitioned-to-state-success": "Transición a { state } con éxito",
    "unable-to-transition-to-state-try-another": "El pedido no pudo ser transferido al estado \"{state}\". Por favor, seleccione un estado alternativo.",
    "unfulfilled": "Fulfillment no completado",
    "unit-price": "Precio unitario"
  },
  "settings": {
    "add-countries-to-zone": "Añadir países a zona...",
    "add-countries-to-zone-success": "Añadido { countryCount } {countryCount, plural, one {país} other {países}} a la zona \"{ zoneName }\"",
    "add-products-to-test-order": "Añade productos al pedido de pruebas",
    "channel": "Canal de ventas",
    "channel-token": "Token de canal",
    "confirm-delete-payment-method": "¿Eliminar método de pago?",
    "confirm-delete-role": "¿Eliminar rol?",
    "confirm-delete-tax-category": "¿Eliminar categoría de impuestos?",
    "confirm-delete-tax-rate": "¿Eliminar tasa de impuestos?",
    "create-new-channel": "Crear nuevo canal de ventas",
    "create-new-country": "Crear nuevo país",
    "create-new-payment-method": "Crear nuevo método de pago",
    "create-new-role": "Crear nuevo rol",
    "create-new-shipping-method": "Crear nuevo método de envío",
    "create-new-tax-category": "Crear categoría de impuestos",
    "create-new-tax-rate": "Crear nueva tasa de impuestos",
    "create-new-zone": "Crear nueva zona",
    "create-zone": "Crear zona",
    "currency": "Moneda",
    "default-role-label": "Este es un Rol por defecto y no puede ser modificado",
    "default-shipping-zone": "Zona de envío por defecto",
    "default-tax-zone": "Zona de impuestos por defecto",
    "eligible": "Disponible",
    "email-address": "Dirección de email",
    "filter-by-member-name": "Filtrar por país",
    "first-name": "Nombre",
    "fulfillment-handler": "Gestor de ejecución de pedidos",
    "global-out-of-stock-threshold": "Límite agotamiento de existencias",
    "global-out-of-stock-threshold-tooltip": "Establece el límite de existencias a partir del cual se considera que esta variante está agotada. El uso de un valor negativo permite el soporte de pedidos pendientes. Puede ser anulado por las variantes del producto.",
    "last-name": "Apellidos",
    "no-eligible-shipping-methods": "No hay métodos de envío disponibles",
    "password": "Contraseña",
    "payment-eligibility-checker": "Comprobación de requisitos de pago",
    "payment-handler": "Gestor de pagos",
    "permissions": "Permisos",
    "prices-include-tax": "Los precios incluyen impuestos para la zona por defecto.",
    "profile": "Perfil",
    "rate": "Tasa",
    "remove-countries-from-zone-success": "Eliminados { countryCount } {countryCount, plural, one {país} other {países}} de la zona \"{ zoneName }\"",
    "remove-from-zone": "Eliminar de la zona",
    "roles": "Roles",
    "search-by-product-name-or-sku": "Buscar producto por nombre o código de referencia",
    "search-country-by-name": "Buscar país por nombre",
    "shipping-calculator": "Calculador de envíos",
    "shipping-eligibility-checker": "Comprueba disponibilidad de envío",
    "shipping-method": "Método de envío",
    "tax-category": "Categoría de impuesto",
    "tax-rate": "Tasa de impuesto",
    "test-address": "Dirección de prueba",
    "test-order": "Pedido de prueba",
    "test-result": "Resultado",
    "test-shipping-method": "Comprobar método de envío",
    "test-shipping-methods": "Comprobar métodos de envío",
    "track-inventory-default": "Seguimiento de inventario por defecto",
    "update-zone": "Actualizar zona",
    "view-zone-members": "Ver países",
    "zone": "Zona"
  },
  "state": {
    "adding-items": "Añadiendo artículos",
    "all-orders": "Todos los estados del pedido",
    "arranging-additional-payment": "Gestionar pago adicional",
    "arranging-payment": "Gestionar pago",
    "authorized": "Autorizado",
    "cancelled": "Cancelado",
    "created": "Creado",
    "declined": "Rechazado",
    "delivered": "Entregado",
    "draft": "",
    "error": "Error",
    "failed": "Fallido",
    "modifying": "Modificando",
    "partially-delivered": "Entregado parcialmente",
    "partially-shipped": "Enviado parcialmente",
    "payment-authorized": "Pago autorizado",
    "payment-settled": "Pago liquidado",
    "pending": "Pendiente",
    "settled": "Liquidado",
    "shipped": "Enviado"
  },
  "system": {
    "all-job-queues": "Todas las colas de trabajo",
    "health-all-systems-up": "Todos los sistemas activos",
    "health-error": "Error: uno o más sistemas inactivos",
    "health-last-checked": "Última revisión",
    "health-message": "Mensaje",
    "health-refresh": "Actualizar",
    "health-status": "Estado",
    "health-status-down": "Inactivo",
    "health-status-up": "Activo",
    "hide-settled-jobs": "Ocultar trabajos completados",
    "job-data": "Detalles",
    "job-duration": "Duración",
    "job-error": "Error",
    "job-queue-name": "Nombre",
    "job-result": "Resultado",
    "job-state": "Estado"
  }
}
