{
  "admin": {
    "create-new-administrator": "Crea nuovo amministratore",
    "search-administrator":"Cerca per nome / cognome / email"
  },
  "asset": {
    "add-asset": "Aggiungi immagine",
    "add-asset-with-count": "Aggiungi {count, plural, 0 {media} one {1 media} other {{count} media}}",
    "assets-selected-count": "{ count } media selezionati",
    "dimensions": "Dimensioni",
    "focal-point": "Punto focale",
    "notify-create-assets-success": "Creati {count, plural, one {nuovo media} other {{count} nuovi media}}",
    "original-asset-size": "Dimensione originale",
    "preview": "Anteprima",
    "remove-asset": "Rimuovi media",
    "select-asset": "Seleziona media",
    "select-assets": "Seleziona media",
    "set-as-featured-asset": "Imposta come media in evidenza",
    "set-focal-point": "Imposta punto focale",
    "source-file": "File sorgente",
    "unset-focal-point": "Deseleziona",
    "update-focal-point": "Aggiorna punto",
    "update-focal-point-error": "Impossibile aggiornare il punto focale",
    "update-focal-point-success": "Punto focale aggiornato",
    "upload-assets": "Carica media",
    "uploading": "Caricamento..."
  },
  "breadcrumb": {
    "administrators": "Amministratori",
    "assets": "Media",
    "channels": "Canali",
    "collections": "Collezioni",
    "countries": "Nazioni",
    "customer-groups": "Gruppi di Clienti",
    "customers": "Clienti",
    "dashboard": "Pannello",
    "facets": "Attributi",
    "global-settings": "Impostazioni Globali",
    "job-queue": "Coda operazioni",
    "manage-variants": "Gestione varianti",
    "modifying": "Modifica",
    "orders": "Ordini",
    "payment-methods": "Metodi di pagamento",
    "product-options": "",
    "products": "Prodotti",
    "profile": "Profilo",
    "promotions": "Promozioni",
    "roles": "Ruoli",
    "shipping-methods": "Metodi di spedizione",
    "system-status": "Stato del sistema",
    "tax-categories": "Impostazioni Tasse",
    "tax-rates": "Importo Tasse",
    "zones": "Zone"
  },
  "catalog": {
    "add-facet-value": "Aggiungi valore attributo",
    "add-facets": "Aggiungi attributi",
    "add-option": "Aggiungi opzione",
    "asset-preview-links": "",
    "assign-collections-to-channel-success": "",
    "assign-facets-to-channel-success": "",
    "assign-product-to-channel-success": "Prodotto assegnato correttamente a \"{ channel }\"",
    "assign-products-to-channel": "Assegna prodotto al canale",
    "assign-to-channel": "Assegna a un canale",
    "assign-to-named-channel": "Assegna al canale { channelCode }",
    "assign-variant-to-channel-success": "Variante assegnata con successo a \"{ channel }\"",
    "assign-variants-to-channel": "Assegna varianti al canale",
    "auto-update-option-variant-name": "Aggiorna automaticamente i nomi delle Varianti utilizzando questa opzione",
    "auto-update-product-variant-name": "Aggiorna automaticamente i nomi delle Varianti",
    "channel-price-preview": "Anteprima prezzo canale",
    "collection-contents": "Contenuti della Collezione",
    "confirm-bulk-delete-collections": "",
    "confirm-bulk-delete-facets": "",
    "confirm-bulk-delete-products": "",
    "confirm-cancel": "",
    "confirm-delete-administrator": "Eliminare l'amministratore?",
    "confirm-delete-assets": "Eliminare {count} {count, plural, one {media} other {media}}?",
    "confirm-delete-channel": "Eliminare il canale?",
    "confirm-delete-collection": "Eliminare la collezione?",
    "confirm-delete-collection-and-children-body": "Eliminare questa collezione rimuoverà anche le sue sotto-collezioni",
    "confirm-delete-country": "Eliminare la Nazione?",
    "confirm-delete-customer": "Eliminare questo Cliente?",
    "confirm-delete-facet": "Eliminare l'attributo?",
    "confirm-delete-facet-value": "Eliminare il valore attributo?",
    "confirm-delete-product": "Eliminare il prodotto?",
    "confirm-delete-product-option": "",
    "confirm-delete-product-option-group": "",
    "confirm-delete-product-variant": "Eliminare la variante?",
    "confirm-delete-promotion": "Eliminare la promozione?",
    "confirm-delete-shipping-method": "Eliminare il metodo di spedizione?",
    "confirm-delete-zone": "Eliminare la zona?",
    "confirm-deletion-of-unused-variants-body": "Le seguenti varianti sono diventate obsolete a seguito dell'aggiunta di nuove opzioni. Queste verranno cancellate durante la creazione delle nuove varianti.",
    "confirm-deletion-of-unused-variants-title": "Cancellare le varianti obsolete?",
    "create-draft-order": "",
    "create-new-collection": "Crea nuova Collezione",
    "create-new-facet": "Crea nuovo attributo",
    "create-new-product": "Crea nuovo prodotto",
    "created-new-variants-success": "Sono state create {count} {count, plural, one {nuova variante} other {nuove varianti}}",
    "default-variant": "Variante predefinita",
    "display-variant-cards": "Visualizza dettagli",
    "display-variant-table": "Visualizza come tabella",
    "drop-files-to-upload": "Trascina file da caricare",
    "duplicate-sku-warning": "Per favore assicurati che tutte le SKU siano univoche",
    "edit-facet-values": "",
    "edit-options": "",
    "expand-all-collections": "Espandi le collezioni",
    "facet-value-not-available": "",
    "facet-values": "Valori attributo",
    "filter-by-name": "Filtra per nome",
    "filter-by-name-or-sku": "Filtra per nome o SKU",
    "filters": "Filtri",
    "group-by-product": "Raggruppa per prodotto",
    "live-preview-contents": "",
    "manage-variants": "Gestione varianti",
    "move-down": "Sposta in basso",
    "move-to": "Sposta in",
    "move-up": "Sposta in alto",
    "no-channel-selected": "Nessun canale selezionato",
    "no-featured-asset": "Nessun media in evidenza",
    "no-selection": "Nessuna selezione",
    "notify-bulk-delete-collections-success": "",
    "notify-bulk-delete-facets-success": "",
    "notify-bulk-delete-products-success": "",
    "notify-remove-collections-from-channel-success": "",
    "notify-remove-facets-from-channel-success": "",
    "notify-remove-product-from-channel-error": "Impossibile rimuovere il prodotto dal canale",
    "notify-remove-product-from-channel-success": "Prodotto rimosso dal canale",
    "notify-remove-variant-from-channel-error": "Impossibile rimuovere la variante dal canale",
    "notify-remove-variant-from-channel-success": "Variante rimossa dal canale",
    "option": "Opzione",
    "option-name": "Nome opzione",
    "option-values": "Valori opzione",
    "out-of-stock-threshold": "Soglia prodotto esaurito",
    "out-of-stock-threshold-tooltip": "Imposta la soglia di scorte alla quale il prodotto è considerato non disponibile alla vendita. Utilizzando un valore negativo si abilitano gli ordini anche fuori scorta.",
    "pending-search-index-updates": "",
    "price": "Prezzo",
    "price-conversion-factor": "Fattore di conversione del prezzo",
    "price-in-channel": "Prezzo in { channel }",
    "price-includes-tax-at": "Include tasse al { rate }%",
    "price-with-tax-in-default-zone": "Inc. { rate }% di tasse: { price }",
    "private": "Privato",
    "product-details": "Dettagli prodotto",
    "product-name": "Nome del Prodotto",
    "product-variants": "Varianti del Prodotto",
    "public": "Pubblico",
    "rebuild-search-index": "Ricostruisci indice di ricerca",
    "reindex-error": "Si è verificato un errore nella ricostruzione dell'indice di ricerca",
    "reindex-successful": "{count, plural, one {Indicizzata una variante prodotto} other {Indicizzate {count} varianti prodotto}} in {time}ms",
    "reindexing": "Ricostruzione indice",
    "remove-from-channel": "Rimuovi dal canale",
    "remove-option": "Rimuovi opzione",
    "remove-product-from-channel": "Rimuovi prodotto dal canale",
    "remove-product-variant-from-channel": "Rimuovi variante dal canale",
    "root-collection": "",
    "run-pending-search-index-updates": "",
    "running-search-index-updates": "",
    "search-asset-name-or-tag": "Cerca per nome o tag del media",
    "search-for-term": "Ricerca termine",
    "search-index-controls": "",
    "search-product-name-or-code": "Ricerca per nome o codice prodotto",
    "select-product": "Seleziona prodotto",
    "select-product-variant": "Seleziona variante",
    "sku": "SKU",
    "slug": "Slug",
    "slug-pattern-error": "Lo slug non è valido",
    "stock-allocated": "Allocato",
    "stock-allocated-tooltip": "Il numero di unità già allocate a Ordini effettuati ma non ancora spediti",
    "stock-on-hand": "Scorte",
    "stock-on-hand-tooltip": "Scorte disponibili - numero di unità fisiche disponibili in magazzino",
    "stock-saleable": "Vendibili",
    "stock-saleable-tooltip": "Il numero di unità disponibili per la vendita, sottraendo dalle scorte disponibili la merce allocata, e tenendo in conto la soglia Prodotto Esaurito",
    "tax-category": "Categoria Tassa",
    "taxes": "Tasse",
    "track-inventory": "Traccia inventario",
    "track-inventory-false": "Non gestire",
    "track-inventory-inherit": "Usa impostazioni generali",
    "track-inventory-tooltip": "Quando viene tracciato, l'inventario della variante viene aggiornato a fronte di una vendita",
    "track-inventory-true": "Traccia",
    "update-product-option": "Aggiorna opzione prodotto",
    "use-global-value": "Usa valore generale",
    "values": "Valori",
    "variant": "Variante",
    "view-contents": "Mostra contenuti",
    "visibility": "Visibilità"
  },
  "common": {
    "ID": "ID",
    "actions": "Azioni",
    "add-item-to-list": "Aggiungi elemento alla lista",
    "add-new-variants": "Aggiungi {count, plural, one {1 variante} other {{count} varianti}}",
    "add-note": "Aggiungi nota",
    "available-languages": "Lingue disponibili",
    "boolean-and": "",
    "boolean-or": "",
    "browser-default": "",
    "cancel": "Annulla",
    "cancel-navigation": "Annulla navigazione",
    "change-selection": "Cambia selezione",
    "channel": "Canale",
    "channels": "Canali",
    "clear-selection": "",
    "close": "Chiudi",
    "code": "Codice",
    "collapse-entries": "Riduci elementi",
    "confirm": "Conferma",
    "confirm-delete-note": "Cancellare la nota?",
    "confirm-navigation": "Prosegui con la navigazione",
    "create": "Crea",
    "created-at": "Creato il",
    "custom-fields": "Campi personalizzati",
    "default-channel": "Canale predefinito",
    "default-language": "Lingua predefinita",
    "default-tax-category": "Categoria tasse predefinita",
    "delete": "Cancella",
    "description": "Descrizione",
    "details": "Dettagli",
    "disabled": "Disabilitato",
    "discard-changes": "Annulla modifiche",
    "edit": "Modifica",
    "edit-field": "Modifica campo",
    "edit-note": "Modifica nota",
    "enabled": "Abilitato",
    "expand-entries": "Espandi elementi",
    "extension-running-in-separate-window": "L'estensione è in esecuzione in un'altra finestra",
    "filter": "Filtra",
    "force-delete": "",
    "force-remove": "",
    "general": "",
    "guest": "Ospite",
    "items-per-page-option": "{ count } per pagina",
    "items-selected-count": "",
    "keep-editing": "",
    "language": "Lingua",
    "launch-extension": "Lancia estensione",
    "live-update": "Aggiornamenti live",
    "locale": "",
    "log-out": "Log out",
    "login": "Log in",
    "manage-tags": "Gestisci tag",
    "manage-tags-description": "Aggiungi o elimina tag globalmente",
    "medium-date": "",
    "more": "Altri...",
    "name": "Nome",
    "no-bulk-actions-available": "",
    "no-results": "Nessun risultato",
    "not-applicable": "",
    "not-set": "Non impostato",
    "notify-bulk-update-success": "",
    "notify-create-error": "Si è verificato un errore, impossibile creare { entity }",
    "notify-create-success": "Creato nuovo { entity }",
    "notify-delete-error": "Si è verificato un errore, impossibile cancellare { entity }",
    "notify-delete-success": "Cancellato { entity }",
    "notify-remove-products-from-channel-success": "",
    "notify-save-changes-error": "Si è verificato un errore, impossibile salvare le modifiche",
    "notify-saved-changes": "Modifiche salvate",
    "notify-update-error": "Si è verificato un errore, impossibile aggiornare { entity }",
    "notify-update-success": "Aggiornato { entity }",
    "notify-updated-tags-success": "Tags aggiornati con successo",
    "okay": "",
    "open": "Apri",
    "password": "Password",
    "price": "Prezzo",
    "price-with-tax": "Prezzo tasse incluse",
    "private": "Privato",
    "public": "Pubblico",
    "remember-me": "Ricordami",
    "remove": "Rimuovi",
    "remove-item-from-list": "Rimuovi elemento dalla lista",
    "results-count": "{ count } {count, plural, one {risultato} other {risultati}}",
    "sample-formatting": "",
    "select": "Seleziona...",
    "select-display-language": "Seleziona lingua",
    "select-items-with-count": "",
    "select-products": "",
    "select-relation-id": "",
    "select-today": "Seleziona oggi",
    "select-variants": "",
    "set-language": "",
    "short-date": "",
    "tags": "Tag",
    "theme": "Tema",
    "there-are-unsaved-changes": "Ci sono modifiche non salvate. Lasciando questa pagina le modifiche andranno perse.",
    "toggle-all": "Cambia tutti",
    "total-items": "{currentStart} - {currentEnd} di {totalItems}",
    "update": "Aggiorna",
    "updated-at": "Aggiornare a",
    "username": "Username",
    "view-next-month": "Vedi mese successivo",
    "view-previous-month": "Vedi mese precedente",
    "with-selected": "Con selezionato..."
  },
  "customer": {
    "add-customer-to-group": "Aggiungi cliente ad un gruppo",
    "add-customer-to-groups-with-count": "Aggiungi cliente a {count, plural, one {1 gruppo} other {{count} gruppi}}",
    "add-customers-to-group": "Aggiungi clienti ad un gruppo",
    "add-customers-to-group-success": "{customerCount, plural, one {Aggiunto 1 cliente} other {Aggiunti {customerCount} clienti}} to \"{ groupName }\"",
    "add-customers-to-group-with-count": "Ho aggiunto {count, plural, one {1 cliente} other {{count} clienti}}",
    "add-customers-to-group-with-name": "Aggiungi clienti a \"{ groupName }\"",
    "addresses": "Indirizzi",
    "city": "Città",
    "company": "",
    "confirm-delete-customer-group": "Eliminare gruppo di clienti?",
    "confirm-remove-customer-from-group": "Rimuovere il cliente dal gruppo?",
    "country": "Nazione",
    "create-customer-group": "Crea gruppo di clienti",
    "create-new-address": "Crea nuovo indirizzo",
    "create-new-customer": "Crea nuovo cliente",
    "create-new-customer-group": "Crea nuovo gruppo di clienti",
    "customer-groups": "Gruppi di clienti",
    "customer-history": "Storico cliente",
    "customer-type": "Tipologia cliente",
    "default-billing-address": "Indirizzo di fatturazione principale",
    "default-shipping-address": "Indirizzo di spedizione principale",
    "email-address": "Indirizzo email",
    "email-verification-sent": "Una email di verifica è stata inviata a { emailAddress }",
    "first-name": "Nome",
    "full-name": "Nome completo",
    "guest": "Ospite",
    "history-customer-added-to-group": "Cliente aggiunto al gruppo \"{ groupName }\"",
    "history-customer-address-created": "Indirizzo creato",
    "history-customer-address-deleted": "Indirizzo cancellato",
    "history-customer-address-updated": "Indirizzo aggiornato",
    "history-customer-detail-updated": "Dettagli cliente aggiornati",
    "history-customer-email-update-requested": "Richiesto aggiornamento email",
    "history-customer-email-update-verified": "Aggiornamento email verificato",
    "history-customer-password-reset-requested": "Richiesto reset password",
    "history-customer-password-reset-verified": "Reset password verificato",
    "history-customer-password-updated": "Password aggiornata",
    "history-customer-registered": "Cliente registrato",
    "history-customer-removed-from-group": "Cliente rimosso dal gruppo \"{ groupName }\"",
    "history-customer-verified": "Cliente verificato",
    "history-using-external-auth-strategy": "utilizzo { strategy }",
    "history-using-native-auth-strategy": "usando indirizzo email",
    "last-login": "Ultimo login",
    "last-name": "Cognome",
    "name": "Nome",
    "new-email-address": "Nuovo indirizzo email",
    "no-orders-placed": "Nessun ordine effettuato",
    "not-a-member-of-any-groups": "Questo cliente non fa parte di alcun gruppo",
    "old-email-address": "Indirizzo email precedente",
    "orders": "Ordini",
    "password": "Password",
    "phone-number": "Numero di telefono",
    "postal-code": "CAP",
    "province": "Provincia",
    "registered": "Registrato",
    "remove-customers-from-group-success": "Ho rimosso {customerCount, plural, one {1 cuclientestomer} other {{customerCount} clienti}} from \"{ groupName }\"",
    "remove-from-group": "Rimuovi da questo gruppo",
    "search-by-group-name": "Ricerca termine",
    "search-customers-by-email": "Cerca per indirizzo email",
    "search-customers-by-email-last-name-postal-code": "Cerca per cognome / indirizzo email / CAP",
    "select-customer": "Seleziona cliente",
    "set-as-default-billing-address": "Imposta come indirizzo di fatturazione predefinito",
    "set-as-default-shipping-address": "Imposta come indirizzo di spedizione predefinito",
    "street-line-1": "Indirizzo - riga 1",
    "street-line-2": "Indirizzo - riga 2",
    "title": "Titolo",
    "update-customer-group": "Aggiorna gruppo cliente",
    "verified": "Verificato",
    "view-group-members": "Visualizza membri del gruppo"
  },
  "dashboard": {
    "add-widget": "Aggiungi widget",
    "latest-orders": "Ultimi ordini",
    "orders-summary": "Riepilogo ordini",
    "remove-widget": "Rimuovi widget",
    "thisMonth": "Questo mese",
    "thisWeek": "Questa settimana",
    "today": "Oggi",
    "total-order-value": "Valore totale",
    "total-orders": "Ordini totali",
    "widget-resize": "Ridimensiona",
    "widget-width": "Larghezza: {width}",
    "yesterday": "Ieri"
  },
  "datetime": {
    "ago-days": "{count, plural, one {1 giorno} other {{count} giorni}} fa",
    "ago-hours": "{count, plural, one {1 ora} other {{count} ore}} fa",
    "ago-minutes": "{count, plural, one {1 min} other {{count} min}} fa",
    "ago-seconds": "{count, plural, =0 {proprio ora} one {1 sec fa} other {{count} sec fa}}",
    "ago-years": "{count, plural, one {1 anno} other {{count} anni}} fa",
    "duration-milliseconds": "{ms}ms",
    "duration-minutes:seconds": "{m}:{s}m",
    "duration-seconds": "{s}",
    "month-apr": "Aprile",
    "month-aug": "Agosto",
    "month-dec": "Dicembre",
    "month-feb": "Febbraio",
    "month-jan": "Gennaio",
    "month-jul": "Luglio",
    "month-jun": "Giugno",
    "month-mar": "Marzo",
    "month-may": "Maggio",
    "month-nov": "Novembre",
    "month-oct": "Ottobre",
    "month-sep": "Settembre",
    "time": "Ora",
    "weekday-fr": "Ve",
    "weekday-mo": "Lu",
    "weekday-sa": "Sa",
    "weekday-su": "Do",
    "weekday-th": "Gi",
    "weekday-tu": "Ma",
    "weekday-we": "Me"
  },
  "editor": {
    "image-alt": "Descrizione (alt)",
    "image-src": "Fonte (indirizzo immagine)",
    "image-title": "Titolo",
    "insert-image": "Inserisci immagine",
    "link-href": "Link",
    "link-title": "Titolo link",
    "remove-link": "Rimuovi",
    "set-link": "Imposta link"
  },
  "error": {
    "403-forbidden": "Non sei autorizzato ad accedere a \"{ path }\". Potresti non avere sufficienti permessi, oppure la tua sessione è scaduta.",
    "could-not-connect-to-server": "Non è stato possibile collegarsi al server Vendure a { url }",
    "facet-value-form-values-do-not-match": "Il numero di valori nel modulo degli attributi non corrisponde al numero di valori",
    "health-check-failed": "La verifica del sistema ha dato esito negativo",
    "no-default-shipping-zone-set": "Questo canale non ha una zona di spedizione di default. Questo potrebbe causare errori nel calcolo dei prezzi di spedizione.",
    "no-default-tax-zone-set": "Questo canale non ha una zona di tassazione di default. Questo sarà causa di errori nel calcolo dei prezzi. Per favore seleziona una zona.",
    "product-variant-form-values-do-not-match": "Il numero di varianti del prodotto non corrisponde al numero effettivo di varianti"
  },
  "marketing": {
    "actions": "Azioni",
    "add-action": "Aggiungi azioni",
    "add-condition": "Aggiungi condizioni",
    "conditions": "Condizioni",
    "coupon-code": "Codice coupon",
    "create-new-promotion": "Crea nuova promozione",
    "ends-at": "Finisce a",
    "per-customer-limit": "Limiti per cliente",
    "search-by-coupon-code": "Cerca per codice coupon",
    "search-by-name": "Cerca per nome",
    "starts-at": "Inizia a"
  },
  "nav": {
    "administrators": "Amministratori",
    "assets": "Media",
    "catalog": "Catalogo",
    "channels": "Canali",
    "collections": "Collezioni",
    "countries": "Nazioni",
    "customer-groups": "Gruppi di Clienti",
    "customers": "Clienti",
    "facets": "Attributi",
    "global-settings": "Impostazioni globali",
    "job-queue": "Coda operazioni",
    "marketing": "Marketing",
    "orders": "Ordini",
    "payment-methods": "Metodi di Pagamento",
    "products": "Prodotti",
    "promotions": "Promozioni",
    "roles": "Ruoli",
    "sales": "Vendite",
    "settings": "Impostazioni",
    "shipping-methods": "Metodi di Spedizione",
    "system": "Sistema",
    "system-status": "Stato del Sistema",
    "tax-categories": "Impostazioni Tasse",
    "tax-rates": "Importo Tasse",
    "zones": "Zone"
  },
  "order": {
    "add-item-to-order": "Aggiungi elemento all'ordine",
    "add-note": "Aggiungi nota",
    "add-payment": "Aggiungi pagamento",
    "add-payment-to-order": "Aggiungi pagamento all'ordine",
    "add-payment-to-order-success": "Pagamento aggiunto con successo all'ordine",
    "add-surcharge": "Aggiungi sovrapprezzo",
    "added-items": "Aggiunti prodotti",
    "amount": "Importo",
    "apply-filters": "Applica filtri",
    "arrange-additional-payment": "Effettua un ulteriore pagamento",
    "billing-address": "Indirizzo di fatturazione",
    "cancel": "Annulla",
    "cancel-entire-order": "",
    "cancel-fulfillment": "Annulla consegna",
    "cancel-modification": "Annulla modifica",
    "cancel-order": "Annulla ordine",
    "cancel-payment": "Annulla pagamento",
    "cancel-reason-customer-request": "Richiesta del cliente",
    "cancel-reason-not-available": "Non disponibile",
    "cancel-selected-items": "Cancella prodotti selezionati",
    "cancel-specified-items": "",
    "cancellation-reason": "Motivo dell'annullamento",
    "cancelled-order-success": "Ordine cancellato con successo",
    "complete-draft-order": "",
    "confirm-modifications": "Conferma modifiche",
    "contents": "Contenuti",
    "create-fulfillment": "Crea consegna",
    "create-fulfillment-success": "Consegna creata",
    "customer": "Cliente",
    "delete-draft-order": "",
    "edit-billing-address": "Modifica indirizzo di fatturazione",
    "edit-shipping-address": "Modifica indirizzo di spedizione",
    "error-message": "Messaggio di errore",
    "existing-address": "",
    "existing-customer": "",
    "filter-custom": "Personalizzato",
    "filter-preset-active": "Attivi",
    "filter-preset-completed": "Completati",
    "filter-preset-draft": "",
    "filter-preset-open": "Aperti",
    "filter-preset-shipped": "Spediti",
    "fulfill": "Consegna",
    "fulfill-order": "Consegna ordine",
    "fulfillment": "Consegna",
    "fulfillment-method": "Metodo di consegna",
    "history-coupon-code-applied": "Codice coupon applicato",
    "history-coupon-code-removed": "Codice coupon rimosso",
    "history-fulfillment-created": "Consegna creata",
    "history-fulfillment-delivered": "Consegna completata",
    "history-fulfillment-shipped": "Spedizione effettuata",
    "history-fulfillment-transition": "Consegna passata da {from} a {to}",
    "history-items-cancelled": "Cancellato {count} {count, plural, one {oggetto} other {oggetti}}",
    "history-order-cancelled": "Ordine cancellato",
    "history-order-created": "Ordine creato",
    "history-order-fulfilled": "Ordine spedito",
    "history-order-modified": "Ordine modificato",
    "history-order-transition": "Ordine passato da {from} a {to}",
    "history-payment-settled": "Pagamento incassato",
    "history-payment-transition": "Pagamento #{id} passato da {from} a {to}",
    "history-refund-transition": "Rimborso #{id} passato da {from} a {to}",
    "item-count": "{count} {count, plural, one {prodotto} other {prodotti}}",
    "line-fulfillment-all": "Tutti i prodotti spediti",
    "line-fulfillment-none": "Nessun prodotto spedito",
    "line-fulfillment-partial": "{ count } di { total } prodotti spediti",
    "manually-transition-to-state": "Passa manualmente allo stato...",
    "manually-transition-to-state-message": "Imposta manualmente un nuovo stato per l'ordine. Nota che lo stato prevede delle regole che potrebbero impedire determinate transizioni.",
    "modification-adding-items": "Aggiungo {count} {count, plural, one {prodotto} other {prodotti}}",
    "modification-adding-surcharges": "Aggiungo {count} {count, plural, one {sovrapprezzo} other {sovrapprezzi}}",
    "modification-adjusting-lines": "Modifico {count} {count, plural, one {linea} other {linee}} dell'ordine",
    "modification-not-settled": "Non incassato",
    "modification-recalculate-shipping": "Ricalcola spedizione",
    "modification-settled": "Incassato",
    "modification-summary": "Riepilogo delle modifiche",
    "modification-updating-billing-address": "Aggiorno indirizzo di fatturazione",
    "modification-updating-shipping-address": "Aggiorno indirizzo di spedizione",
    "modifications": "Modifiche",
    "modify-order": "Modifica ordine",
    "modify-order-price-difference": "Differenza di prezzo",
    "net-price": "Prezzo netto",
    "note": "Nota",
    "note-is-private": "Le note sono private",
    "note-only-visible-to-administrators": "Visibile solo agli amministratori",
    "note-visible-to-customer": "Visibile agli amministratori e al cliente",
    "order-history": "Storico ordine",
    "order-state-diagram": "Diagramma di stato dell'ordine",
    "payment": "Pagamento",
    "payment-amount": "Importo pagamento",
    "payment-metadata": "Metadati pagamento",
    "payment-method": "Metodo di pagamento",
    "payment-state": "Stato",
    "payment-to-refund": "Pagamento da rimborsare",
    "placed-at": "Effettuato a",
    "placed-at-end": "Effettuato a - fino",
    "placed-at-start": "Effettuato a - da",
    "preview-changes": "Anteprima modifiche",
    "product-name": "Nome prodotto",
    "product-sku": "SKU",
    "promotions-applied": "Promozioni applicate",
    "prorated-unit-price": "Prezzo unitario",
    "quantity": "Quantità",
    "refund": "Rimborso",
    "refund-adjustment": "Aggiustamento",
    "refund-and-cancel-order": "Rimborsa & cancella ordine",
    "refund-cancellation-reason": "Motivo del rimborso/cancellazione",
    "refund-cancellation-reason-required": "Il motivo del rimborso/cancellazione è obbligatorio",
    "refund-metadata": "Metadati rimborso",
    "refund-order-failed": "Rimborso ordine fallito",
    "refund-order-success": "Rimborso effettuato con successo",
    "refund-reason": "Motivo del rimborso",
    "refund-reason-customer-request": "Richiesta del cliente",
    "refund-reason-not-available": "Non disponibile",
    "refund-shipping": "Rimborso spedizione",
    "refund-total": "Totale rimborso",
    "refund-total-error": "Il totale del rimborso deve essere compreso tra {min} e {max}",
    "refund-total-warning": "Il rimborso totale eccede l'ammontare pagato. L'ammontare residuo verrà rimborsato tramite gli altri pagamenti effettuati",
    "refund-with-amount": "Rimborsa {amount}",
    "refunded-count": "Hai rimborsato {count} {count, plural, one {prodotto} other {prodotti}}",
    "removed-items": "Prodotti rimossi",
    "search-by-order-filters": "Cerca per codice ordine / cognome cliente / ID transazione",
    "select-address": "",
    "select-shipping-method": "",
    "select-state": "Seleziona stato",
    "set-billing-address": "",
    "set-coupon-codes": "",
    "set-customer-for-order": "",
    "set-fulfillment-state": "Segna come {state}",
    "set-shipping-address": "",
    "set-shipping-method": "",
    "settle-payment": "Incassa pagamento",
    "settle-payment-error": "Non è stato possibile incassare il pagamento",
    "settle-payment-success": "Pagamento incassato con successo",
    "settle-refund": "Effettua rimborso",
    "settle-refund-manual-instructions": "Dopo aver rimborsato manualmente con il metodo di pagamento ({method}), inserisci qui l'ID della transazione.",
    "settle-refund-success": "Rimborso effettuato con successo",
    "shipping": "Spedizione",
    "shipping-address": "Indirizzo di spedizione",
    "shipping-cancelled": "",
    "shipping-method": "Metodo di spedizione",
    "state": "Stato",
    "sub-total": "Sub totale",
    "successfully-updated-fulfillment": "Consegna aggiornata con successo",
    "surcharges": "Sovrapprezzi",
    "tax-base": "Tassa base",
    "tax-description": "Descrizione tassa",
    "tax-rate": "Percentuale tassa",
    "tax-summary": "Riempilogo tasse",
    "tax-total": "Totale tasse",
    "total": "Totale",
    "tracking-code": "Codice di tracciamento",
    "transaction-id": "ID transazione",
    "transition-to-state": "Passa allo stato { state }",
    "transitioned-payment-to-state-success": "Stato pagamento mutato in { state }",
    "transitioned-to-state-success": "Passato con successo allo stato { state }",
    "unable-to-transition-to-state-try-another": "Non è stato possibile tornare allo stato \"{state}\". Per favore seleziona un altro stato.",
    "unfulfilled": "Non consegnato",
    "unit-price": "Prezzo unitario"
  },
  "settings": {
    "add-countries-to-zone": "Aggiungi nazioni a { zoneName }",
    "add-countries-to-zone-success": "Ho aggiunto { countryCount } {countryCount, plural, one {nazione} other {nazioni}} alla zona \"{ zoneName }\"",
    "add-products-to-test-order": "Aggiunti prodotti all'ordine di test",
    "channel": "Canale",
    "channel-token": "Token del canale",
    "confirm-delete-payment-method": "Eliminare il metodo di pagamento?",
    "confirm-delete-role": "Cancellare il ruolo?",
    "confirm-delete-tax-category": "Cancellare la categoria di tasse?",
    "confirm-delete-tax-rate": "Cancellare tasso fiscale?",
    "create-new-channel": "Crea nuovo canale",
    "create-new-country": "Crea nuova nazione",
    "create-new-payment-method": "Crea nuovo metodo di pagamento",
    "create-new-role": "Crea nuovo ruolo",
    "create-new-shipping-method": "Crea nuovo metodo di spedizione",
    "create-new-tax-category": "Crea categoria tassa",
    "create-new-tax-rate": "Crea nuovo tasso fiscale",
    "create-new-zone": "Crea nuova zona",
    "create-zone": "Crea zona",
    "currency": "Valuta",
    "default-role-label": "Questo è un ruolo predefinito e non può essere modificato",
    "default-shipping-zone": "Zona di spedizione predefinita",
    "default-tax-zone": "Zona di tassazione predefinita",
    "eligible": "Compatibile",
    "email-address": "Indirizzo email",
    "filter-by-member-name": "Filtra per nazione",
    "first-name": "Nome",
    "fulfillment-handler": "Gestore spedizione",
    "global-out-of-stock-threshold": "Soglia globale di indisponibilità",
    "global-out-of-stock-threshold-tooltip": "Imposta il livello di scorte al quale questa variante viene considerata esaurita. Usando un valore negativo si abilitano gli ordini in riapprovvigionamento. Può essere modificato per le singole varianti.",
    "last-name": "Cognome",
    "no-eligible-shipping-methods": "Nessun metodo di spedizione compatibile",
    "password": "Password",
    "payment-eligibility-checker": "Metodo di verifica compatibilità pagamento",
    "payment-handler": "Funzione gestione pagamento",
    "permissions": "Permessi",
    "prices-include-tax": "I prezzi includono le tasse per la zona fiscale predefinita",
    "profile": "Profilo",
    "rate": "Tasso",
    "remove-countries-from-zone-success": "Ho rimosso { countryCount } {countryCount, plural, one {nazione} other {nazioni}} dalla zona \"{ zoneName }\"",
    "remove-from-zone": "Rimuovi dalla zona",
    "roles": "Ruoli",
    "search-by-product-name-or-sku": "Cerca per prodotto o codice SKU",
    "search-country-by-name": "Cerca nazioni per nome",
    "shipping-calculator": "Calcolo prezzo spedizioni",
    "shipping-eligibility-checker": "Criterio di selezione metodi di spedizione",
    "shipping-method": "Metodo di spedizione",
    "tax-category": "Categoria tasse",
    "tax-rate": "Tasso fiscale",
    "test-address": "Indirizzo di test",
    "test-order": "Ordine di test",
    "test-result": "Risultato test",
    "test-shipping-method": "Testa metodo di spedizione",
    "test-shipping-methods": "Testa metodi di spedizione",
    "track-inventory-default": "Monitora inventario automaticamente",
    "update-zone": "Aggiorna zona",
    "view-zone-members": "Vedi membri",
    "zone": "Zona"
  },
  "state": {
    "adding-items": "Aggiunta prodotti",
    "all-orders": "Tutti gli stati ordine",
    "arranging-additional-payment": "Scelta pagamento ulteriore",
    "arranging-payment": "Scelta pagamento",
    "authorized": "Autorizzato",
    "cancelled": "Cancellato",
    "created": "Creato",
    "declined": "Rifiutato",
    "delivered": "Consegnato",
    "draft": "",
    "error": "Errore",
    "failed": "Fallito",
    "modifying": "In modifica",
    "partially-delivered": "Parzialmente consegnato",
    "partially-shipped": "Parzialmente spedito",
    "payment-authorized": "Pagamento autorizzato",
    "payment-settled": "Pagamento completato",
    "pending": "In attesa",
    "settled": "Completato",
    "shipped": "Spedito"
  },
  "system": {
    "all-job-queues": "Tutte le code di operazioni",
    "health-all-systems-up": "Tutto il sistema è attivo",
    "health-error": "Errore: uno o più sistemi sono inattivi!",
    "health-last-checked": "Ultimo controllo",
    "health-message": "Messaggio",
    "health-refresh": "Aggiorna",
    "health-status": "Stato",
    "health-status-down": "Inattivo",
    "health-status-up": "Attivo",
    "hide-settled-jobs": "Nascondi operazioni completate",
    "job-data": "Dati operazioni",
    "job-duration": "Durata",
    "job-error": "Errore operazione",
    "job-queue-name": "Nome coda operazioni",
    "job-result": "Risultato operazione",
    "job-state": "Stato operazione"
  }
}
