{
  "admin": {
    "create-new-administrator": "Utwórz konto administratora",
    "search-administrator":"Szukaj według imienia / nazwiska / adresu e-mail"
  },
  "asset": {
    "add-asset": "Dodaj zasób",
    "add-asset-with-count": "Dodaj {count, plural, 0 {assets} one {1 zasób} other {{count} zasobów}}",
    "assets-selected-count": "Zaznaczono { count } zasobów",
    "dimensions": "Wymiary",
    "focal-point": "Punkt centralny",
    "notify-create-assets-success": "Utworzno {count, plural, one {nowy zasób} other {{count} nowych zasobów}}",
    "original-asset-size": "Rozmiar bazowy",
    "preview": "Podgląd",
    "remove-asset": "Usuń zasób",
    "select-asset": "",
    "select-assets": "Wybierz zasób",
    "set-as-featured-asset": "Ustaw jako polecany",
    "set-focal-point": "Ustaw punk centralny",
    "source-file": "Plik źródłowy",
    "unset-focal-point": "Usuń punkt centralny",
    "update-focal-point": "Zaktualizuj punkt centralny",
    "update-focal-point-error": "Błąd podczas aktualizacji punktu centralnego",
    "update-focal-point-success": "Punkt centralny zaktualizowany",
    "upload-assets": "Upload",
    "uploading": ""
  },
  "breadcrumb": {
    "administrators": "Administratorzy",
    "assets": "Zasoby",
    "channels": "Kanały",
    "collections": "Kolekcje",
    "countries": "Kraje",
    "customer-groups": "",
    "customers": "Klienci",
    "dashboard": "Dashboard",
    "facets": "Fasety",
    "global-settings": "Ustawienia globalne",
    "job-queue": "Kolejka zadań",
    "manage-variants": "Zarządzaj wariantami",
    "modifying": "",
    "orders": "Zamówienia",
    "payment-methods": "Metody płatności",
    "product-options": "",
    "products": "Produkty",
    "profile": "",
    "promotions": "Promocje",
    "roles": "Role",
    "shipping-methods": "Metody wysyłki",
    "system-status": "",
    "tax-categories": "Kategorie podatkowe",
    "tax-rates": "Stawki podatkowe",
    "zones": ""
  },
  "catalog": {
    "add-facet-value": "Dodaj nazwe faseta",
    "add-facets": "Dodaj faset",
    "add-option": "Dodaj opcje",
    "asset-preview-links": "",
    "assign-collections-to-channel-success": "",
    "assign-facets-to-channel-success": "",
    "assign-product-to-channel-success": "Pomyślnie przypisano produkt do \"{ channel }\"",
    "assign-products-to-channel": "Przypisz produkt do kanału",
    "assign-to-channel": "Przypisz do kanału",
    "assign-to-named-channel": "Przypisz do { channelCode }",
    "assign-variant-to-channel-success": "",
    "assign-variants-to-channel": "",
    "auto-update-option-variant-name": "",
    "auto-update-product-variant-name": "",
    "channel-price-preview": "Podgląd cen kanału",
    "collection-contents": "Zawartość kolekcji",
    "confirm-bulk-delete-collections": "",
    "confirm-bulk-delete-facets": "",
    "confirm-bulk-delete-products": "",
    "confirm-cancel": "",
    "confirm-delete-administrator": "",
    "confirm-delete-assets": "",
    "confirm-delete-channel": "Usunąć kanał?",
    "confirm-delete-collection": "Usunąć kolekcje?",
    "confirm-delete-collection-and-children-body": "Usunięcie tej kolekcji spowoduje usunięcie także podkategorii",
    "confirm-delete-country": "Usunąć kraj?",
    "confirm-delete-customer": "",
    "confirm-delete-facet": "Usunąć faset?",
    "confirm-delete-facet-value": "Usunąć wartość faseta?",
    "confirm-delete-product": "Usunąć produkt?",
    "confirm-delete-product-option": "",
    "confirm-delete-product-option-group": "",
    "confirm-delete-product-variant": "Usunąć wariant produktu?",
    "confirm-delete-promotion": "Usunąć promocje?",
    "confirm-delete-shipping-method": "Usunąć metode wysyłki?",
    "confirm-delete-zone": "",
    "confirm-deletion-of-unused-variants-body": "",
    "confirm-deletion-of-unused-variants-title": "",
    "create-draft-order": "",
    "create-new-collection": "Utwórz nową kolekcje",
    "create-new-facet": "Utwórz faset",
    "create-new-product": "Nowy produkt",
    "created-new-variants-success": "Pomyślnie utworzono {count} nowy {count, plural, one {wariant} other {wariantów}}",
    "default-variant": "Domyślny wariant",
    "display-variant-cards": "Wyświetl szczegóły",
    "display-variant-table": "Wyświetl jako tabele",
    "drop-files-to-upload": "Upuść pliki do uploadu",
    "duplicate-sku-warning": "",
    "edit-facet-values": "",
    "edit-options": "",
    "expand-all-collections": "Rozwiń wszystkie kolekcje",
    "facet-value-not-available": "",
    "facet-values": "Wartości faseta",
    "filter-by-name": "Filtruj po nazwie",
    "filter-by-name-or-sku": "",
    "filters": "Filtry",
    "group-by-product": "Grupuj po produkcie",
    "live-preview-contents": "",
    "manage-variants": "Zarządzaj wariantami",
    "move-down": "Przesuń w dół",
    "move-to": "Przesuń do",
    "move-up": "Przesuń w górę",
    "no-channel-selected": "Brak zaznaczonego kanału",
    "no-featured-asset": "Brak polecanego zasobu",
    "no-selection": "Brak zaznaczenia",
    "notify-bulk-delete-collections-success": "",
    "notify-bulk-delete-facets-success": "",
    "notify-bulk-delete-products-success": "",
    "notify-remove-collections-from-channel-success": "",
    "notify-remove-facets-from-channel-success": "",
    "notify-remove-product-from-channel-error": "Błąd usuwania produktu z kanału",
    "notify-remove-product-from-channel-success": "Produkt pomyślnie usunięty z kanału",
    "notify-remove-variant-from-channel-error": "",
    "notify-remove-variant-from-channel-success": "",
    "option": "Opcje",
    "option-name": "Nazwa opcji",
    "option-values": "Wartość opcji",
    "out-of-stock-threshold": "",
    "out-of-stock-threshold-tooltip": "",
    "pending-search-index-updates": "",
    "price": "Cena",
    "price-conversion-factor": "Przelicznik cen",
    "price-in-channel": "Cena w { channel }",
    "price-includes-tax-at": "Zawiera podatek { rate }%",
    "price-with-tax-in-default-zone": "Zawiera { rate }% podatku: { price }",
    "private": "Prywatne",
    "product-details": "Szczegóły produktu",
    "product-name": "Nazwa produktu",
    "product-variants": "Warianty produktu",
    "public": "",
    "rebuild-search-index": "Przebuduj indeksy wyszukiwania",
    "reindex-error": "Wystąpił błąd podczas przebudowania indeksów",
    "reindex-successful": "Zaindeksowano {count, plural, one {wariant produktu} other {{count} wariantów produktu}} w {time}ms",
    "reindexing": "Przebudowuje indeksy wyszukiwania",
    "remove-from-channel": "Usuń z kanału",
    "remove-option": "Usuń opcje",
    "remove-product-from-channel": "Usuń produkt z kanału",
    "remove-product-variant-from-channel": "",
    "root-collection": "",
    "run-pending-search-index-updates": "",
    "running-search-index-updates": "",
    "search-asset-name-or-tag": "",
    "search-for-term": "Szukaj frazy",
    "search-index-controls": "",
    "search-product-name-or-code": "Szukaj produktu po nazwie lub kodzie",
    "select-product": "",
    "select-product-variant": "",
    "sku": "SKU",
    "slug": "Slug",
    "slug-pattern-error": "",
    "stock-allocated": "",
    "stock-allocated-tooltip": "",
    "stock-on-hand": "Stan magazynowy",
    "stock-on-hand-tooltip": "",
    "stock-saleable": "",
    "stock-saleable-tooltip": "",
    "tax-category": "Kategoria podatkowa",
    "taxes": "Podatki",
    "track-inventory": "Śledź magazyn",
    "track-inventory-false": "",
    "track-inventory-inherit": "",
    "track-inventory-tooltip": "",
    "track-inventory-true": "",
    "update-product-option": "Zaktualizuj opcje produktu",
    "use-global-value": "",
    "values": "Wartości",
    "variant": "Warianty",
    "view-contents": "Zobacz zawartość",
    "visibility": "Widoczność"
  },
  "common": {
    "ID": "ID",
    "actions": "Akcje",
    "add-item-to-list": "",
    "add-new-variants": "Dodaj {count, plural, one {1 wariant} other {{count} wariantów}}",
    "add-note": "",
    "available-languages": "Dostępne języki",
    "boolean-and": "",
    "boolean-or": "",
    "browser-default": "",
    "cancel": "Anuluj",
    "cancel-navigation": "Anuluj nawigacje",
    "change-selection": "",
    "channel": "Kanał",
    "channels": "Kanały",
    "clear-selection": "",
    "close": "",
    "code": "Kod",
    "collapse-entries": "",
    "confirm": "",
    "confirm-delete-note": "",
    "confirm-navigation": "Potwierdź nawigacje",
    "create": "Utwórz",
    "created-at": "Utworzone dnia",
    "custom-fields": "Dodatkowe pola",
    "default-channel": "Domyślny kanał",
    "default-language": "Domyślny jezyk",
    "default-tax-category": "",
    "delete": "Usuń",
    "description": "Opis",
    "details": "",
    "disabled": "Wyłączony",
    "discard-changes": "Odrzuć zmiany",
    "edit": "Edytuj",
    "edit-field": "Edytuj pole",
    "edit-note": "",
    "enabled": "Aktywny",
    "expand-entries": "",
    "extension-running-in-separate-window": "Rozszerzenie jest włączone w innym oknie",
    "filter": "",
    "force-delete": "",
    "force-remove": "",
    "general": "",
    "guest": "Gość",
    "items-per-page-option": "{ count } na stronę",
    "items-selected-count": "",
    "keep-editing": "",
    "language": "Język",
    "launch-extension": "Uruchom rozszerzenie",
    "live-update": "Aktualizacja live",
    "locale": "",
    "log-out": "Wyloguj",
    "login": "Zaloguj",
    "manage-tags": "",
    "manage-tags-description": "",
    "medium-date": "",
    "more": "Więcej...",
    "name": "Nazwa",
    "no-bulk-actions-available": "",
    "no-results": "Brak wyników",
    "not-applicable": "",
    "not-set": "Nie ustawione",
    "notify-bulk-update-success": "",
    "notify-create-error": "Wystąpił błąd, nie można utworzyć { entity }",
    "notify-create-success": "Utworzono { entity }",
    "notify-delete-error": "Wystąpił błąd, nie można usunąć { entity }",
    "notify-delete-success": "Usunięto { entity }",
    "notify-remove-products-from-channel-success": "",
    "notify-save-changes-error": "Wystąpił błąd, nie można zapisać zmian",
    "notify-saved-changes": "Zapisano zmiany",
    "notify-update-error": "Wystąpił błąd, nie można zaktualizować { entity }",
    "notify-update-success": "Zaktualizowano { entity }",
    "notify-updated-tags-success": "",
    "okay": "",
    "open": "Otwórz",
    "password": "Hasło",
    "price": "Cena",
    "price-with-tax": "Cena z podatkiem",
    "private": "Prywatne",
    "public": "Publiczne",
    "remember-me": "Zapamiętaj mnie",
    "remove": "Usuń",
    "remove-item-from-list": "",
    "results-count": "{ count } {count, plural, one {wynik} other {wyników}}",
    "sample-formatting": "",
    "select": "Wybrano...",
    "select-display-language": "Wybierz język",
    "select-items-with-count": "",
    "select-products": "",
    "select-relation-id": "",
    "select-today": "Wybierz dzisiaj",
    "select-variants": "",
    "set-language": "",
    "short-date": "",
    "tags": "",
    "theme": "",
    "there-are-unsaved-changes": "Są nie zapisane zmiany. Nawigacja do innej lokalizacji spowoduje utrate zmian.",
    "toggle-all": "",
    "total-items": "{currentStart} - {currentEnd} z {totalItems}",
    "update": "Aktualizuj",
    "updated-at": "Zaaktualizowano dnia",
    "username": "Nazwa użytkownika",
    "view-next-month": "Wyświetl następny miesiąc",
    "view-previous-month": "Wyświetl poprzedni miesiąc",
    "with-selected": ""
  },
  "customer": {
    "add-customer-to-group": "",
    "add-customer-to-groups-with-count": "",
    "add-customers-to-group": "",
    "add-customers-to-group-success": "",
    "add-customers-to-group-with-count": "",
    "add-customers-to-group-with-name": "",
    "addresses": "Adres",
    "city": "Miasto",
    "company": "",
    "confirm-delete-customer-group": "",
    "confirm-remove-customer-from-group": "",
    "country": "Kraj",
    "create-customer-group": "",
    "create-new-address": "Utwórz nowy adres",
    "create-new-customer": "Utwórz nowego klient",
    "create-new-customer-group": "",
    "customer-groups": "",
    "customer-history": "",
    "customer-type": "Typ klienta",
    "default-billing-address": "Domyślny adres rozliczeniowy",
    "default-shipping-address": "Domyślny adres wysyłki",
    "email-address": "Email",
    "email-verification-sent": "Email weryfikacyjny został wysłany na { emailAddress }",
    "first-name": "Imię",
    "full-name": "Pełna nazwa",
    "guest": "Gość",
    "history-customer-added-to-group": "",
    "history-customer-address-created": "",
    "history-customer-address-deleted": "",
    "history-customer-address-updated": "",
    "history-customer-detail-updated": "",
    "history-customer-email-update-requested": "",
    "history-customer-email-update-verified": "",
    "history-customer-password-reset-requested": "",
    "history-customer-password-reset-verified": "",
    "history-customer-password-updated": "",
    "history-customer-registered": "",
    "history-customer-removed-from-group": "",
    "history-customer-verified": "",
    "history-using-external-auth-strategy": "",
    "history-using-native-auth-strategy": "",
    "last-login": "",
    "last-name": "Nazwisko",
    "name": "Nazwa",
    "new-email-address": "",
    "no-orders-placed": "Brak złożonych zamówień",
    "not-a-member-of-any-groups": "",
    "old-email-address": "",
    "orders": "Zamówienia",
    "password": "Hasło",
    "phone-number": "Telefon",
    "postal-code": "Kod pocztowy",
    "province": "Województwo",
    "registered": "Zarejestrowany",
    "remove-customers-from-group-success": "",
    "remove-from-group": "",
    "search-by-group-name": "Szukaj frazy",
    "search-customers-by-email": "Szukaj przez email",
    "search-customers-by-email-last-name-postal-code": "",
    "select-customer": "",
    "set-as-default-billing-address": "Ustaw jako domyślny adres rozliczeniowy",
    "set-as-default-shipping-address": "Ustaw jako domyślny adres wysyłki",
    "street-line-1": "Ulica 1",
    "street-line-2": "Ulica 2",
    "title": "Tytuł",
    "update-customer-group": "",
    "verified": "Zweryfikowany",
    "view-group-members": ""
  },
  "dashboard": {
    "add-widget": "",
    "latest-orders": "",
    "orders-summary": "",
    "remove-widget": "",
    "thisMonth": "",
    "thisWeek": "",
    "today": "",
    "total-order-value": "",
    "total-orders": "",
    "widget-resize": "",
    "widget-width": "",
    "yesterday": ""
  },
  "datetime": {
    "ago-days": "{count, plural, one {1 dzień} other {{count} dni}} temu",
    "ago-hours": "{count, plural, one {1 godzinę} other {{count} godzin}} temu",
    "ago-minutes": "{count, plural, one {1 minutę} other {{count} minut}} temu",
    "ago-seconds": "{count, plural, =0 {przed chwilą} one {1 sekundę temu} other {{count} sekund temu}}",
    "ago-years": "",
    "duration-milliseconds": "{ms}ms",
    "duration-minutes:seconds": "{m}:{s}m",
    "duration-seconds": "{s}s",
    "month-apr": "Kwiecień",
    "month-aug": "Sierpień",
    "month-dec": "Grudzień",
    "month-feb": "Luty",
    "month-jan": "Styczeń",
    "month-jul": "Lipiec",
    "month-jun": "Czerwiec",
    "month-mar": "Marzec",
    "month-may": "Maj",
    "month-nov": "Listopad",
    "month-oct": "Październik",
    "month-sep": "Wrzesień",
    "time": "Czas",
    "weekday-fr": "Pt",
    "weekday-mo": "Pon",
    "weekday-sa": "So",
    "weekday-su": "Nd",
    "weekday-th": "Czw",
    "weekday-tu": "Wt",
    "weekday-we": "Śr"
  },
  "editor": {
    "image-alt": "Opis (alt)",
    "image-src": "Źródło",
    "image-title": "Tytuł",
    "insert-image": "Wstaw obraz",
    "link-href": "Link href",
    "link-title": "Tytuł linku",
    "remove-link": "Usuń",
    "set-link": "Ustaw link"
  },
  "error": {
    "403-forbidden": "Brak autoryzacji dla \"{ path }\". Brak uprawnień lub wygasła sesja.",
    "could-not-connect-to-server": "Nie można połączyć z serverem Vendure na { url }",
    "facet-value-form-values-do-not-match": "Ilość wartości fasetów nie zgadza się z realną liczbą wartości.",
    "health-check-failed": "",
    "no-default-shipping-zone-set": "",
    "no-default-tax-zone-set": "",
    "product-variant-form-values-do-not-match": "Ilość opcji w formularzu nie zgadza się z realną liczbą opcji."
  },
  "marketing": {
    "actions": "Akcje",
    "add-action": "Dodaj akcje",
    "add-condition": "Dodaj warunek",
    "conditions": "Warunki",
    "coupon-code": "Kod rabatowy",
    "create-new-promotion": "Utwórz nową promocje",
    "ends-at": "Kończy się",
    "per-customer-limit": "Limit klientów",
    "search-by-coupon-code": "",
    "search-by-name": "",
    "starts-at": "Zaczyna się"
  },
  "nav": {
    "administrators": "Administratorzy",
    "assets": "Assets",
    "catalog": "Katalog",
    "channels": "Kanały",
    "collections": "Kolekcje",
    "countries": "Kraje",
    "customer-groups": "",
    "customers": "Klienci",
    "facets": "Facets",
    "global-settings": "Ustawienia globalne",
    "job-queue": "Kolejka zadań",
    "marketing": "Marketing",
    "orders": "Zamówienia",
    "payment-methods": "Metody płatności",
    "products": "Produkty",
    "promotions": "Promocje",
    "roles": "Role",
    "sales": "Sprzedaż",
    "settings": "Ustawienia",
    "shipping-methods": "Metody wysyłki",
    "system": "",
    "system-status": "",
    "tax-categories": "Kategorie podatkowe",
    "tax-rates": "Stawki podatkowe",
    "zones": ""
  },
  "order": {
    "add-item-to-order": "",
    "add-note": "Dodaj notatke",
    "add-payment": "",
    "add-payment-to-order": "",
    "add-payment-to-order-success": "",
    "add-surcharge": "",
    "added-items": "",
    "amount": "Ilość",
    "apply-filters": "",
    "arrange-additional-payment": "",
    "billing-address": "",
    "cancel": "Anuluj",
    "cancel-entire-order": "",
    "cancel-fulfillment": "",
    "cancel-modification": "",
    "cancel-order": "Anuluj zamówienie",
    "cancel-payment": "",
    "cancel-reason-customer-request": "Prośba klienta",
    "cancel-reason-not-available": "Niedostępny",
    "cancel-selected-items": "Anuluj zaznaczone",
    "cancel-specified-items": "",
    "cancellation-reason": "Powód anulowania",
    "cancelled-order-success": "Pomyślnie anulowano zamówienie",
    "complete-draft-order": "",
    "confirm-modifications": "",
    "contents": "Zawartość",
    "create-fulfillment": "Utwórz wypełnienie",
    "create-fulfillment-success": "Utworzono wypełnienie pomyślnie",
    "customer": "Klient",
    "delete-draft-order": "",
    "edit-billing-address": "",
    "edit-shipping-address": "",
    "error-message": "",
    "existing-address": "",
    "existing-customer": "",
    "filter-custom": "",
    "filter-preset-active": "",
    "filter-preset-completed": "",
    "filter-preset-draft": "",
    "filter-preset-open": "",
    "filter-preset-shipped": "",
    "fulfill": "Zrealizuj",
    "fulfill-order": "Zrealizuj zamówienie",
    "fulfillment": "Realizacja",
    "fulfillment-method": "Metoda realizacji",
    "history-coupon-code-applied": "Użyto kodu rabatowego",
    "history-coupon-code-removed": "Usunięto kod rabatowy",
    "history-fulfillment-created": "",
    "history-fulfillment-delivered": "",
    "history-fulfillment-shipped": "",
    "history-fulfillment-transition": "",
    "history-items-cancelled": "{count} {count, plural, one {element} other {elementów}} anulowano",
    "history-order-cancelled": "Zamówienie anulowane",
    "history-order-created": "",
    "history-order-fulfilled": "Zamówienie zrealizowane",
    "history-order-modified": "",
    "history-order-transition": "Zamówienie wysłane z {from} do {to}",
    "history-payment-settled": "Opłacono",
    "history-payment-transition": "Płatność #{id} wysłana z {from} do {to}",
    "history-refund-transition": "Zwrot #{id} wysłany z {from} do {to}",
    "item-count": "{count} {count, plural, one {element} other {elementów}}",
    "line-fulfillment-all": "Wrzystkie zamówienia zrealizowane",
    "line-fulfillment-none": "Brak zrealizowany zamówień",
    "line-fulfillment-partial": "{ count } z { total } zrealizowanych",
    "manually-transition-to-state": "",
    "manually-transition-to-state-message": "",
    "modification-adding-items": "",
    "modification-adding-surcharges": "",
    "modification-adjusting-lines": "",
    "modification-not-settled": "",
    "modification-recalculate-shipping": "",
    "modification-settled": "",
    "modification-summary": "",
    "modification-updating-billing-address": "",
    "modification-updating-shipping-address": "",
    "modifications": "",
    "modify-order": "",
    "modify-order-price-difference": "",
    "net-price": "Cena netto",
    "note": "",
    "note-is-private": "Notatka jest prywatna",
    "note-only-visible-to-administrators": "Widoczne tylko dla administratora",
    "note-visible-to-customer": "Widoczne dla administratora i klienta",
    "order-history": "Historia zamówienia",
    "order-state-diagram": "",
    "payment": "Płatność",
    "payment-amount": "Wartość płatności",
    "payment-metadata": "Metadane płatności",
    "payment-method": "Metoda płatności",
    "payment-state": "Status",
    "payment-to-refund": "Płatność do zwrotu",
    "placed-at": "",
    "placed-at-end": "",
    "placed-at-start": "",
    "preview-changes": "",
    "product-name": "Nazwa produktu",
    "product-sku": "SKU",
    "promotions-applied": "Zastosowane promocje",
    "prorated-unit-price": "",
    "quantity": "Ilość",
    "refund": "Zwrot",
    "refund-adjustment": "Regulacja",
    "refund-and-cancel-order": "Zwróć i anuluj zamówienie",
    "refund-cancellation-reason": "Powód zwrotu/anulowania",
    "refund-cancellation-reason-required": "Powód zwrotu/anulowania jest wymagany",
    "refund-metadata": "Metadane zwrotu",
    "refund-order-failed": "",
    "refund-order-success": "Zamówienie zwrócone pomyślnie",
    "refund-reason": "Powód zwrotu",
    "refund-reason-customer-request": "Prośba klienta",
    "refund-reason-not-available": "Niedostępny",
    "refund-shipping": "Wysyłka zwrotu",
    "refund-total": "Wartość zwrotu",
    "refund-total-error": "Wartość zwrotu musi być pomiędzy {min} i {max}",
    "refund-total-warning": "",
    "refund-with-amount": "Zwróć {amount}",
    "refunded-count": "{count} {count, plural, one {zamówienie} other {zamówień}} zwrócono",
    "removed-items": "",
    "search-by-order-filters": "Szukaj po numerze zamówienia / Nazwisko / Numer transakcji",
    "select-address": "",
    "select-shipping-method": "",
    "select-state": "",
    "set-billing-address": "",
    "set-coupon-codes": "",
    "set-customer-for-order": "",
    "set-fulfillment-state": "",
    "set-shipping-address": "",
    "set-shipping-method": "",
    "settle-payment": "Rozlicz płatność",
    "settle-payment-error": "Nie można rozliczyć płatności",
    "settle-payment-success": "Płatność rozliczona pomyślnie",
    "settle-refund": "Rozlicz zwrot",
    "settle-refund-manual-instructions": "Po zwrocie wykonanym ręcznie przez ({method}), podaj ID transakcji.",
    "settle-refund-success": "Pomyślnie rozliczono zwrot",
    "shipping": "Wysyłka",
    "shipping-address": "Adres wysyłki",
    "shipping-cancelled": "",
    "shipping-method": "Metoda wysyłki",
    "state": "Status",
    "sub-total": "Sub total",
    "successfully-updated-fulfillment": "",
    "surcharges": "",
    "tax-base": "",
    "tax-description": "",
    "tax-rate": "",
    "tax-summary": "",
    "tax-total": "",
    "total": "Total",
    "tracking-code": "Numer przesyłki",
    "transaction-id": "Numer transakcji",
    "transition-to-state": "",
    "transitioned-payment-to-state-success": "",
    "transitioned-to-state-success": "",
    "unable-to-transition-to-state-try-another": "",
    "unfulfilled": "Unfulfilled",
    "unit-price": "Cena jednostkowa"
  },
  "settings": {
    "add-countries-to-zone": "Dodaj kraje do strefy...",
    "add-countries-to-zone-success": "Dodano { countryCount } {countryCount, plural, one {kraj} other {kraje}} do strefy \"{ zoneName }\"",
    "add-products-to-test-order": "Dodaj produkty do testowanego zamówienia",
    "channel": "Kanał",
    "channel-token": "Token kanału",
    "confirm-delete-payment-method": "",
    "confirm-delete-role": "Usunąć role?",
    "confirm-delete-tax-category": "Usunąć kategorię podatkową?",
    "confirm-delete-tax-rate": "Usunąć stawke podatkową?",
    "create-new-channel": "Utwórz nowy kanał",
    "create-new-country": "Utwórz nowy kraj",
    "create-new-payment-method": "",
    "create-new-role": "Utwórz nową role",
    "create-new-shipping-method": "Utwórz nową metode wysyłki",
    "create-new-tax-category": "Utwórz nową kategorię podatkową",
    "create-new-tax-rate": "Utwórz nową stawkę podatkową",
    "create-new-zone": "",
    "create-zone": "Utwórz strefe",
    "currency": "Waluta",
    "default-role-label": "To jest domyślna rola i nie może być zmieniana",
    "default-shipping-zone": "Domyślna strefa zakupowa",
    "default-tax-zone": "Domyślna strefa podatkowa",
    "eligible": "Wybieralny",
    "email-address": "Email",
    "filter-by-member-name": "",
    "first-name": "Imię",
    "fulfillment-handler": "",
    "global-out-of-stock-threshold": "",
    "global-out-of-stock-threshold-tooltip": "",
    "last-name": "Nazwisko",
    "no-eligible-shipping-methods": "Brak pasujących metod wysyłki",
    "password": "Hasło",
    "payment-eligibility-checker": "",
    "payment-handler": "",
    "permissions": "Uprawnienia",
    "prices-include-tax": "Ceny zawierają podatek dla domyślnej strefy",
    "profile": "",
    "rate": "Stawka",
    "remove-countries-from-zone-success": "Usunięto { countryCount } {countryCount, plural, one {kraj} other {kraje}} ze strefy \"{ zoneName }\"",
    "remove-from-zone": "",
    "roles": "Role",
    "search-by-product-name-or-sku": "Szukaj produktu po nazwie lub SKU",
    "search-country-by-name": "Szukaj kraju po nazwie",
    "shipping-calculator": "Kalkulator wysyłki",
    "shipping-eligibility-checker": "Sprawdź możliwość wysyłki",
    "shipping-method": "Metoda wysyłki",
    "tax-category": "Kategoria podatkowa",
    "tax-rate": "Stawka podatkowa",
    "test-address": "Adres testowy",
    "test-order": "Zamówienie testowe",
    "test-result": "Wynik testowy",
    "test-shipping-method": "Testowa metoda wysyłki",
    "test-shipping-methods": "Testowe metody wysyłki",
    "track-inventory-default": "Śledź domyślnie magazyn",
    "update-zone": "",
    "view-zone-members": "",
    "zone": "Strefa"
  },
  "state": {
    "adding-items": "Dodawanie",
    "all-orders": "",
    "arranging-additional-payment": "",
    "arranging-payment": "Oczekiwanie na płatność",
    "authorized": "",
    "cancelled": "Anulowano",
    "created": "",
    "declined": "",
    "delivered": "Zrealizowano",
    "draft": "",
    "error": "",
    "failed": "",
    "modifying": "",
    "partially-delivered": "Częściowo zrealizowano",
    "partially-shipped": "",
    "payment-authorized": "Płatność zaakceptowana",
    "payment-settled": "Płatność rozliczona",
    "pending": "",
    "settled": "",
    "shipped": ""
  },
  "system": {
    "all-job-queues": "Kolejka wszystkich zadań",
    "health-all-systems-up": "",
    "health-error": "",
    "health-last-checked": "",
    "health-message": "",
    "health-refresh": "",
    "health-status": "",
    "health-status-down": "",
    "health-status-up": "",
    "hide-settled-jobs": "Ukryj rozliczone zlecenia",
    "job-data": "Dane zlecenia",
    "job-duration": "Czas trwania",
    "job-error": "Błąd zlecenia",
    "job-queue-name": "Nazwa kolejki",
    "job-result": "Rezultat zlecenia",
    "job-state": "Status zlecenia"
  }
}
