{
  "admin": {
    "create-new-administrator": "Criar novo usuário administrador",
    "search-administrator":"Pesquisar por nome / sobrenome / e-mail"
  },
  "asset": {
    "add-asset": "Adicionar imagens",
    "add-asset-with-count": "Adiciona {count, plural, 0 {assets} one {1 asset} other {{count} assets}}",
    "assets-selected-count": "{ count } imagens selecionadas",
    "dimensions": "Dimensões",
    "focal-point": "Ponto central",
    "notify-create-assets-success": "Criado {count, plural, one {new Asset} other {{count} new Assets}}",
    "original-asset-size": "Tamanho do arquivo",
    "preview": "Pré-visualização",
    "remove-asset": "Excluir imagens",
    "select-asset": "",
    "select-assets": "Selecione imagens",
    "set-as-featured-asset": "Definir como imagem em destaque",
    "set-focal-point": "Definir ponto central",
    "source-file": "Arquivo fonte",
    "unset-focal-point": "Desativar",
    "update-focal-point": "Atualizar ponto central",
    "update-focal-point-error": "Não posso atualizar o ponto central",
    "update-focal-point-success": "Ponto central atualizado com sucesso",
    "upload-assets": "Enviar imagens",
    "uploading": "Enviando..."
  },
  "breadcrumb": {
    "administrators": "Administradores",
    "assets": "Imagens",
    "channels": "Canais",
    "collections": "Categorias",
    "countries": "Países",
    "customer-groups": "Grupos de cliente",
    "customers": "Clientes",
    "dashboard": "Painel de controle",
    "facets": "Etiquetas",
    "global-settings": "Configurações globais",
    "job-queue": "Fila de tabalho",
    "manage-variants": "Gerenciamento de variações",
    "modifying": "Modificando",
    "orders": "Pedidos",
    "payment-methods": "Métodos de pagamentos",
    "product-options": "",
    "products": "Produtos",
    "profile": "Perfil",
    "promotions": "Promoções",
    "roles": "Regras",
    "shipping-methods": "Métodos de envio",
    "system-status": "Status do sistema",
    "tax-categories": "Categorias de taxas e impostos",
    "tax-rates": "Taxas de impostos",
    "zones": "Zonas"
  },
  "catalog": {
    "add-facet-value": "Adiciona valor para etiqueta",
    "add-facets": "Adiciona etiqueta",
    "add-option": "Adiciona opção",
    "asset-preview-links": "",
    "assign-collections-to-channel-success": "",
    "assign-facets-to-channel-success": "",
    "assign-product-to-channel-success": "Produto atribuído com sucesso a \"{ channel }\"",
    "assign-products-to-channel": "Atribuir produtos ao canal",
    "assign-to-channel": "Atribuir ao canal",
    "assign-to-named-channel": "Atribuir a { channelCode }",
    "assign-variant-to-channel-success": "Variações atribuídas ao canal com sucesso",
    "assign-variants-to-channel": "Atribuir variação ao canal",
    "auto-update-option-variant-name": "Atualizar automaticamente os nomes das variações do produto usando esta opção",
    "auto-update-product-variant-name": "Atualizar automaticamente os nomes das variações do produto",
    "channel-price-preview": "Visualizar preço do canal",
    "collection-contents": "Conteúdo da categoria",
    "confirm-bulk-delete-collections": "",
    "confirm-bulk-delete-facets": "",
    "confirm-bulk-delete-products": "",
    "confirm-cancel": "",
    "confirm-delete-administrator": "Excluir administrador?",
    "confirm-delete-assets": "Excluir {count} {count, plural, one {asset} other {assets}}?",
    "confirm-delete-channel": "Exluir canal?",
    "confirm-delete-collection": "Excluir categorias?",
    "confirm-delete-collection-and-children-body": "A exclusão desta categoria também excluirá todas as categorias filho",
    "confirm-delete-country": "Excluir país?",
    "confirm-delete-customer": "Excluir cliente?",
    "confirm-delete-facet": "Excluir etiqueta?",
    "confirm-delete-facet-value": "Excluir valor da etiqueta?",
    "confirm-delete-product": "Excluir produto?",
    "confirm-delete-product-option": "",
    "confirm-delete-product-option-group": "",
    "confirm-delete-product-variant": "Excluir variação de produto?",
    "confirm-delete-promotion": "Excluir promoção?",
    "confirm-delete-shipping-method": "Excluir método de envio?",
    "confirm-delete-zone": "Excluir zona?",
    "confirm-deletion-of-unused-variants-body": "",
    "confirm-deletion-of-unused-variants-title": "",
    "create-draft-order": "",
    "create-new-collection": "Criar nova categoria",
    "create-new-facet": "Criar nova etiqueta",
    "create-new-product": "Novo produto",
    "created-new-variants-success": "Criado com sucesso {count} new {count, plural, one {variant} other {variants}}",
    "default-variant": "Variação padrão",
    "display-variant-cards": "Ver como detalhes",
    "display-variant-table": "Ver como tabela",
    "drop-files-to-upload": "Soltar arquivos para envio",
    "duplicate-sku-warning": "",
    "edit-facet-values": "",
    "edit-options": "",
    "expand-all-collections": "Expandir todas as categorias",
    "facet-value-not-available": "",
    "facet-values": "Valor da Etiqueta",
    "filter-by-name": "Filtrar por nome",
    "filter-by-name-or-sku": "Filtrar por nome ou SKU",
    "filters": "Filtros",
    "group-by-product": "Agrupar por produto",
    "live-preview-contents": "",
    "manage-variants": "Gerência das variações",
    "move-down": "Mover para baixo",
    "move-to": "Mover para",
    "move-up": "Mover para cima",
    "no-channel-selected": "Nenhum canal selecionado",
    "no-featured-asset": "Nenhum recurso em destaque",
    "no-selection": "Nenhuma seleção",
    "notify-bulk-delete-collections-success": "",
    "notify-bulk-delete-facets-success": "",
    "notify-bulk-delete-products-success": "",
    "notify-remove-collections-from-channel-success": "",
    "notify-remove-facets-from-channel-success": "",
    "notify-remove-product-from-channel-error": "Não foi possível remover o produto do canal",
    "notify-remove-product-from-channel-success": "Produto removido com sucesso do canal",
    "notify-remove-variant-from-channel-error": "Erro ao remover variação do canal",
    "notify-remove-variant-from-channel-success": "Variação removida com sucesso do canal",
    "option": "Opção",
    "option-name": "Nome da opção",
    "option-values": "Valor da opção",
    "out-of-stock-threshold": "Limite reserva de fora de estoque",
    "out-of-stock-threshold-tooltip": "Define o nível de estoque no qual essa variação é considerada sem estoque. Usar um valor negativo ativa o suporte a pedidos em espera.",
    "pending-search-index-updates": "",
    "price": "Preço",
    "price-conversion-factor": "Fator de conversão de preço",
    "price-in-channel": "Preço em { channel }",
    "price-includes-tax-at": "Inclui { rate }% de imposto",
    "price-with-tax-in-default-zone": "Incuído { rate }% de imposto: { price }",
    "private": "Privado",
    "product-details": "Detalhes do produto",
    "product-name": "Nome do produto",
    "product-variants": "Variações do produto",
    "public": "Público",
    "rebuild-search-index": "Reconstruir índice de pesquisa",
    "reindex-error": "Ocorreu um erro ao recriar o índice de pesquisa",
    "reindex-successful": "Indexado {count, plural, one {product variant} other {{count} product variants}} em {time}ms",
    "reindexing": "Reconstruindo o índice de pesquisa",
    "remove-from-channel": "Excluir do canal",
    "remove-option": "Excluir opção",
    "remove-product-from-channel": "Excluir produto do canal",
    "remove-product-variant-from-channel": "",
    "root-collection": "",
    "run-pending-search-index-updates": "",
    "running-search-index-updates": "",
    "search-asset-name-or-tag": "",
    "search-for-term": "Pesquisar termo",
    "search-index-controls": "",
    "search-product-name-or-code": "Pesquisar por nome ou código do produto",
    "select-product": "",
    "select-product-variant": "",
    "sku": "SKU",
    "slug": "Slug",
    "slug-pattern-error": "Padrão de slug errado",
    "stock-allocated": "Estoque alocado",
    "stock-allocated-tooltip": "O número de unidades alocadas para pedidos que foram retirados, mas ainda não foram atendidos",
    "stock-on-hand": "Estoque",
    "stock-on-hand-tooltip": "Estoque disponível - o número de unidades físicas disponíveis em estoque",
    "stock-saleable": "Estoque vendável",
    "stock-saleable-tooltip": "O número de unidades vendáveis, compreendendo o estoque disponível - alocado, levando em consideração o limite de falta de estoque",
    "tax-category": "Categoria de impostos",
    "taxes": "Impostos",
    "track-inventory": "Rastrear inventário",
    "track-inventory-false": "Não rastrear",
    "track-inventory-inherit": "Herdar das configurações globais",
    "track-inventory-tooltip": "Quando rastreados, os níveis de estoque da variação do produto serão ajustados automaticamente quando vendidos",
    "track-inventory-true": "Rastrear",
    "update-product-option": "Atualizar opção do produto",
    "use-global-value": "Usar configuração global",
    "values": "Valores",
    "variant": "Variação",
    "view-contents": "Visualizar conteúdo",
    "visibility": "Visibilidade"
  },
  "common": {
    "ID": "ID",
    "actions": "Ações",
    "add-item-to-list": "Adicionar item à lista",
    "add-new-variants": "Adicionar {count, plural, one {1 variant} other {{count} variants}}",
    "add-note": "Adicionar nota",
    "available-languages": "Idiomas disponíveis",
    "boolean-and": "",
    "boolean-or": "",
    "browser-default": "",
    "cancel": "Cancelar",
    "cancel-navigation": "Cancelar navegação",
    "change-selection": "",
    "channel": "Canal",
    "channels": "Canais",
    "clear-selection": "",
    "close": "",
    "code": "Código",
    "collapse-entries": "Recolher entradas",
    "confirm": "Confirme",
    "confirm-delete-note": "Excluir nota?",
    "confirm-navigation": "Confrme navegação",
    "create": "Criar",
    "created-at": "Criado em",
    "custom-fields": "Campos customizados",
    "default-channel": "Canal padrão",
    "default-language": "Idioma padrão",
    "default-tax-category": "",
    "delete": "Excluir",
    "description": "Descrição",
    "details": "Detalhes",
    "disabled": "Desabilitado",
    "discard-changes": "Descartar modificações",
    "edit": "Editar",
    "edit-field": "Editar campo",
    "edit-note": "Editar nota",
    "enabled": "Habilitado",
    "expand-entries": "Expandir entradas",
    "extension-running-in-separate-window": "A extensão está sendo executada em uma janela separada",
    "filter": "Filtro",
    "force-delete": "",
    "force-remove": "",
    "general": "",
    "guest": "Convidado",
    "items-per-page-option": "{ count } por página",
    "items-selected-count": "",
    "keep-editing": "",
    "language": "Idioma",
    "launch-extension": "Iniciar extensão",
    "live-update": "Atualização ao vivo",
    "locale": "",
    "log-out": "Sair",
    "login": "Entrar",
    "manage-tags": "",
    "manage-tags-description": "",
    "medium-date": "",
    "more": "Mais...",
    "name": "Nome",
    "no-bulk-actions-available": "",
    "no-results": "Sem resultados",
    "not-applicable": "",
    "not-set": "Não configurado",
    "notify-bulk-update-success": "",
    "notify-create-error": "Ocorreu um erro, não foi possível criar { entity }",
    "notify-create-success": "Criado novo { entity }",
    "notify-delete-error": "Ocorreu um erro, não foi possível excluir { entity }",
    "notify-delete-success": "Excluído { entity }",
    "notify-remove-products-from-channel-success": "",
    "notify-save-changes-error": "Ocorreu um erro, não foi possível salvar as alterações",
    "notify-saved-changes": "Alterações salvas",
    "notify-update-error": "Ocorreu um erro, não foi possível atualizar { entity }",
    "notify-update-success": "Atualizado { entity }",
    "notify-updated-tags-success": "",
    "okay": "",
    "open": "Aberto",
    "password": "Senha",
    "price": "Preço",
    "price-with-tax": "Preço com impostos",
    "private": "Privado",
    "public": "Público",
    "remember-me": "Lembre de mim",
    "remove": "Exclui",
    "remove-item-from-list": "",
    "results-count": "{ count } {count, plural, one {result} other {results}}",
    "sample-formatting": "",
    "select": "Selecione...",
    "select-display-language": "Selecionar idioma de exibição",
    "select-items-with-count": "",
    "select-products": "",
    "select-relation-id": "",
    "select-today": "Selecione hoje",
    "select-variants": "",
    "set-language": "",
    "short-date": "",
    "tags": "",
    "theme": "Tema",
    "there-are-unsaved-changes": "Há alterações não salvas. Navegar para outra página fará com que essas alterações sejam perdidas.",
    "toggle-all": "Alternar tudo",
    "total-items": "{currentStart} - {currentEnd} de {totalItems}",
    "update": "Atualização",
    "updated-at": "Atualizado em",
    "username": "Nome do usuário",
    "view-next-month": "Visualizar próximo mês",
    "view-previous-month": "Visualizar mês anterior",
    "with-selected": "Com selecionado..."
  },
  "customer": {
    "add-customer-to-group": "Adicionar cliente ao grupo",
    "add-customer-to-groups-with-count": "Adicionar cliente a {count, plural, one {1 group} other {{count} groups}}",
    "add-customers-to-group": "Adicionar clientes ao grupo",
    "add-customers-to-group-success": "Adicinado {customerCount, plural, one {1 customer} other {{customerCount} customers}} para \"{ groupName }\"",
    "add-customers-to-group-with-count": "Adicionado {count, plural, one {1 customer} other {{count} customers}}",
    "add-customers-to-group-with-name": "Adicionado clientes para \"{ groupName }\"",
    "addresses": "Endereços",
    "city": "Cidade",
    "company": "",
    "confirm-delete-customer-group": "Excluir grupo de cliente?",
    "confirm-remove-customer-from-group": "Excluir cliente do grupo?",
    "country": "País",
    "create-customer-group": "Criar grupo de cliente",
    "create-new-address": "Criar novo endereço",
    "create-new-customer": "Criar novo cliente",
    "create-new-customer-group": "Criar novo grupo de cliente",
    "customer-groups": "Grupos de cliente",
    "customer-history": "Histórico de cliente",
    "customer-type": "Tipo de cliente",
    "default-billing-address": "Endereço de cobrança padrão",
    "default-shipping-address": "Endereço de entrega padrão",
    "email-address": "Email",
    "email-verification-sent": "Um email de verificação foi enviado para { emailAddress }",
    "first-name": "Nome",
    "full-name": "Nome completo",
    "guest": "Convidado",
    "history-customer-added-to-group": "Cliente adicionado ao grupo \"{ groupName }\"",
    "history-customer-address-created": "Endereço criado",
    "history-customer-address-deleted": "Endereço excluído",
    "history-customer-address-updated": "Endereço atualizado",
    "history-customer-detail-updated": "Detalhes do cliente atualizados",
    "history-customer-email-update-requested": "Atualização do e-mail solicitada",
    "history-customer-email-update-verified": "Atualização do e-mail confirmada",
    "history-customer-password-reset-requested": "Redefinição de senha solicitada",
    "history-customer-password-reset-verified": "Redefinição de senha verificada",
    "history-customer-password-updated": "Senha atualizada",
    "history-customer-registered": "Cliente registrado",
    "history-customer-removed-from-group": "Cliente removido do grupo \"{ groupName }\"",
    "history-customer-verified": "Cliente verificado",
    "history-using-external-auth-strategy": "usando { strategy }",
    "history-using-native-auth-strategy": "usando email",
    "last-login": "Último acesso",
    "last-name": "Sobrenome",
    "name": "Nome",
    "new-email-address": "Novo email",
    "no-orders-placed": "Nenhum pedido feito",
    "not-a-member-of-any-groups": "Este cliente não é membro de nenhum grupo",
    "old-email-address": "Email antigo",
    "orders": "Pedidos",
    "password": "Senha",
    "phone-number": "Telefone",
    "postal-code": "Cep",
    "province": "Província",
    "registered": "Registrado",
    "remove-customers-from-group-success": "Excluído {customerCount, plural, one {1 customer} other {{customerCount} customers}} from \"{ groupName }\"",
    "remove-from-group": "Excluir deste grupo",
    "search-by-group-name": "Pesquisar termo",
    "search-customers-by-email": "Busca por email",
    "search-customers-by-email-last-name-postal-code": "Busca por email / sobrenome / cep",
    "select-customer": "",
    "set-as-default-billing-address": "Definir como cobrança padrão",
    "set-as-default-shipping-address": "Definir como remessa padrão",
    "street-line-1": "Endereço",
    "street-line-2": "Complemento do endereço",
    "title": "Título",
    "update-customer-group": "Atualizar grupo de cliente",
    "verified": "Verificado",
    "view-group-members": "Visualizar membros do grupo"
  },
  "dashboard": {
    "add-widget": "Adicionar widget",
    "latest-orders": "Últimos pedidos",
    "orders-summary": "Resumo de pedidos",
    "remove-widget": "Remover widget",
    "thisMonth": "Este mês",
    "thisWeek": "Esta semana",
    "today": "Hoje",
    "total-order-value": "Valor total",
    "total-orders": "Total de pedidos",
    "widget-resize": "Redimensionar",
    "widget-width": "Largura: {width}",
    "yesterday": "Ontem"
  },
  "datetime": {
    "ago-days": "{count, plural, one {1 day} other {{count} days}} atrás",
    "ago-hours": "{count, plural, one {1 hr} other {{count} hrs}} atrás",
    "ago-minutes": "{count, plural, one {1 min} other {{count} mins}} atrás",
    "ago-seconds": "{count, plural, =0 {just now} one {1 sec ago} other {{count} secs ago}}",
    "ago-years": "{count, plural, one {1 year} other {{count} years}} atrás",
    "duration-milliseconds": "{ms}ms",
    "duration-minutes:seconds": "{m}:{s}m",
    "duration-seconds": "{s}s",
    "month-apr": "Abril",
    "month-aug": "Agosto",
    "month-dec": "Dezembro",
    "month-feb": "Fevereiro",
    "month-jan": "Janeiro",
    "month-jul": "Julho",
    "month-jun": "Junho",
    "month-mar": "Março",
    "month-may": "Maio",
    "month-nov": "Novembro",
    "month-oct": "Outubro",
    "month-sep": "Setembro",
    "time": "Tempo",
    "weekday-fr": "Sex",
    "weekday-mo": "Seg",
    "weekday-sa": "Sáb",
    "weekday-su": "Dom",
    "weekday-th": "Qui",
    "weekday-tu": "Ter",
    "weekday-we": "Qua"
  },
  "editor": {
    "image-alt": "Descrição (alt)",
    "image-src": "Código",
    "image-title": "Título",
    "insert-image": "Inserir imagem",
    "link-href": "Link de referência",
    "link-title": "Título do link",
    "remove-link": "Remover",
    "set-link": "Setar link"
  },
  "error": {
    "403-forbidden": "No momento, você não está autorizado a acessar \"{ path }\". Você não tem permissão ou sua sessão expirou.",
    "could-not-connect-to-server": "Não foi possível ao servidor Mercado NetBrit no link { url }",
    "facet-value-form-values-do-not-match": "O número de valores no formulário de etiqueta não corresponde ao número real de valores",
    "health-check-failed": "Falha na verificação de integridade do sistema",
    "no-default-shipping-zone-set": "Este canal não possui zona de entrega padrão. Isso pode causar erros ao calcular as despesas de envio do pedido.",
    "no-default-tax-zone-set": "Este canal não possui zona de imposto padrão, o que causará erros no cálculo de preços. Por favor, crie ou selecione uma zona.",
    "product-variant-form-values-do-not-match": "O número de variações no formulário do produto não corresponde ao número real de variações"
  },
  "marketing": {
    "actions": "Ações",
    "add-action": "Adicionar ação",
    "add-condition": "Adicionar condição",
    "conditions": "Condições",
    "coupon-code": "Código do cupom",
    "create-new-promotion": "Criar nova promoção",
    "ends-at": "Termina em",
    "per-customer-limit": "Limite por cliente",
    "search-by-coupon-code": "",
    "search-by-name": "",
    "starts-at": "Começa em"
  },
  "nav": {
    "administrators": "Administradores",
    "assets": "Imagens",
    "catalog": "Catálogo",
    "channels": "Canais",
    "collections": "Categorias",
    "countries": "Países",
    "customer-groups": "Grupos de clientes",
    "customers": "Clientes",
    "facets": "Etiquetas",
    "global-settings": "Configurações Gerais",
    "job-queue": "Fila de trabalho",
    "marketing": "Marketing",
    "orders": "Pedidos",
    "payment-methods": "Métodos de pagamentos",
    "products": "Produtos",
    "promotions": "Promoções",
    "roles": "Regras de permissão",
    "sales": "Vendas",
    "settings": "Configurações",
    "shipping-methods": "Métodos de envio",
    "system": "Sistema",
    "system-status": "Status do sistema",
    "tax-categories": "Categorias das taxas",
    "tax-rates": "Taxas de impostos",
    "zones": "Zonas"
  },
  "order": {
    "add-item-to-order": "Adicionar item ao pedido",
    "add-note": "Adicionar nota",
    "add-payment": "Adicionar pagamento",
    "add-payment-to-order": "Adicionar pagamento ao pedido",
    "add-payment-to-order-success": "Pagamento adiciona ao pedido com sucesso",
    "add-surcharge": "Adicionar sobretaxa",
    "added-items": "Itens adicionados",
    "amount": "Total",
    "apply-filters": "Aplicar filtros",
    "arrange-additional-payment": "",
    "billing-address": "Endereço de cobrança",
    "cancel": "Cancelar",
    "cancel-entire-order": "",
    "cancel-fulfillment": "Cancelar cumprimento",
    "cancel-modification": "Cancelar modificação",
    "cancel-order": "Cancelar Pedido",
    "cancel-payment": "",
    "cancel-reason-customer-request": "Pedido do cliente",
    "cancel-reason-not-available": "Não disponível",
    "cancel-selected-items": "Cancelar itens selecionados",
    "cancel-specified-items": "",
    "cancellation-reason": "Motivo do cancelamento",
    "cancelled-order-success": "Pedido cancelado com sucesso",
    "complete-draft-order": "",
    "confirm-modifications": "Confirmar modificações",
    "contents": "Conteúdo",
    "create-fulfillment": "Criar a execução",
    "create-fulfillment-success": "Execução criada",
    "customer": "Cliente",
    "delete-draft-order": "",
    "edit-billing-address": "Editar endereço de fatura",
    "edit-shipping-address": "Editar endereço de envio",
    "error-message": "",
    "existing-address": "",
    "existing-customer": "",
    "filter-custom": "Customizar",
    "filter-preset-active": "Ativo",
    "filter-preset-completed": "Concluído",
    "filter-preset-draft": "",
    "filter-preset-open": "Aberto",
    "filter-preset-shipped": "Enviado",
    "fulfill": "Executar",
    "fulfill-order": "Executar o pedido",
    "fulfillment": "Execução",
    "fulfillment-method": "Método de execução",
    "history-coupon-code-applied": "Código de cupom aplicado",
    "history-coupon-code-removed": "Código de cupom excluído",
    "history-fulfillment-created": "Execução criada",
    "history-fulfillment-delivered": "Execução entregue",
    "history-fulfillment-shipped": "Execução enviada",
    "history-fulfillment-transition": "Execução transação",
    "history-items-cancelled": "{count} {count, plural, one {item} other {items}} cancelado",
    "history-order-cancelled": "Pedido cancelado",
    "history-order-created": "Pedido criado",
    "history-order-fulfilled": "Pedido realizado",
    "history-order-modified": "Pedido modificado",
    "history-order-transition": "Pedido transferido de {from} para {to}",
    "history-payment-settled": "Pagamento concluído",
    "history-payment-transition": "Pagamento #{id} transferido de {from} para {to}",
    "history-refund-transition": "Reembolso #{id} transferido de {from} para {to}",
    "item-count": "{count} {count, plural, one {item} other {items}}",
    "line-fulfillment-all": "Todos os itens executados",
    "line-fulfillment-none": "Nenhum ítem executado",
    "line-fulfillment-partial": "{ count } of { total } itens executados",
    "manually-transition-to-state": "Manualmente mudar para estado...",
    "manually-transition-to-state-message": "Faça a transição manual do pedido para outro estado. Observe que os estados do pedido são regidos por regras que podem impedir certas transições.",
    "modification-adding-items": "Adicionando {count} {count, plural, one {item} other {items}}",
    "modification-adding-surcharges": "Adicionando {count} {count, plural, one {surcharge} other {surcharges}}",
    "modification-adjusting-lines": "Ajustando {count} {count, plural, one {line} other {lines}}",
    "modification-not-settled": "Não resolvido",
    "modification-recalculate-shipping": "Recalcular envio",
    "modification-settled": "Resolvido",
    "modification-summary": "Resumo de modificações",
    "modification-updating-billing-address": "Atualizando endereço de fatura",
    "modification-updating-shipping-address": "Atualizando endereço de envio",
    "modifications": "Modificações",
    "modify-order": "Modificar pedido",
    "modify-order-price-difference": "Preço diference",
    "net-price": "Preço líquido",
    "note": "Nota",
    "note-is-private": "Nota é privada",
    "note-only-visible-to-administrators": "Visível somente para administradores",
    "note-visible-to-customer": "Visível para administradores e clientes",
    "order-history": "Histórico de pedidos",
    "order-state-diagram": "Diagrama do estado do pedido",
    "payment": "Pagamento",
    "payment-amount": "Valor do pagamento",
    "payment-metadata": "Dados do pagamento",
    "payment-method": "Método de pagamento",
    "payment-state": "Estado",
    "payment-to-refund": "Pagamento para reembolso",
    "placed-at": "Posicionado em",
    "placed-at-end": "Posicionado no final",
    "placed-at-start": "Posicionado no início",
    "preview-changes": "Revisar mudanças",
    "product-name": "Nome do produto",
    "product-sku": "SKU",
    "promotions-applied": "Promoções aplicadas",
    "prorated-unit-price": "Diferença de preço",
    "quantity": "Quantidade",
    "refund": "Reembolso",
    "refund-adjustment": "Ajuste",
    "refund-and-cancel-order": "Reembolso & cancelamento do pedido",
    "refund-cancellation-reason": "Motivo do reembolso/cancelamento",
    "refund-cancellation-reason-required": "O motivo do reembolso/cancelamento é obrigatório",
    "refund-metadata": "Dados do reembolso",
    "refund-order-failed": "",
    "refund-order-success": "Pedido de reembolso efetuado com sucesso",
    "refund-reason": "Motivo do reembolso",
    "refund-reason-customer-request": "Solicitação do cliente",
    "refund-reason-not-available": "Não disponível",
    "refund-shipping": "Envio de reembolso",
    "refund-total": "Total do reembolso",
    "refund-total-error": "Total do reembolso deve ser entre {min} e {max}",
    "refund-total-warning": "",
    "refund-with-amount": "Reembolso {amount}",
    "refunded-count": "{count} {count, plural, one {item} other {items}} reembolsado",
    "removed-items": "Itens removidos",
    "search-by-order-filters": "Buscar por código do pedido / Sobrenome / Código ID da transação",
    "select-address": "",
    "select-shipping-method": "",
    "select-state": "Selecionar estado",
    "set-billing-address": "",
    "set-coupon-codes": "",
    "set-customer-for-order": "",
    "set-fulfillment-state": "Marcar como {state}",
    "set-shipping-address": "",
    "set-shipping-method": "",
    "settle-payment": "Liquidar pagamento",
    "settle-payment-error": "Não posso liquidar pagamento",
    "settle-payment-success": "Pagamento liquidado com sucesso",
    "settle-refund": "Reembolso da liquidação",
    "settle-refund-manual-instructions": "Após o reembolso manual via provedor de pagamento ({method}), entre aqui com o código da transação.",
    "settle-refund-success": "Reembolso liquidado com sucesso",
    "shipping": "Envio",
    "shipping-address": "Endereço de envio",
    "shipping-cancelled": "",
    "shipping-method": "Método de envio",
    "state": "Estado",
    "sub-total": "Subtotal",
    "successfully-updated-fulfillment": "Pagamento resolvido com sucesso",
    "surcharges": "Sobretaxas",
    "tax-base": "Base tributária",
    "tax-description": "Descrição de tributação",
    "tax-rate": "Taxa de imposto",
    "tax-summary": "Resumo de impostos",
    "tax-total": "Total de impostos",
    "total": "Total",
    "tracking-code": "Código de rastreio",
    "transaction-id": "Código ID da transação",
    "transition-to-state": "Mudança para o estado { state }",
    "transitioned-payment-to-state-success": "",
    "transitioned-to-state-success": "Mudança para o estado { state } realizada com sucesso",
    "unable-to-transition-to-state-try-another": "",
    "unfulfilled": "Não realizado",
    "unit-price": "Preço unitário"
  },
  "settings": {
    "add-countries-to-zone": "Adicionar paises para { zoneName }",
    "add-countries-to-zone-success": "Adicionado { countryCount } {countryCount, plural, one {country} other {countries}} para zona \"{ zoneName }\"",
    "add-products-to-test-order": "Adicionar produdos para o pedido de teste",
    "channel": "Canal",
    "channel-token": "Token do canal",
    "confirm-delete-payment-method": "",
    "confirm-delete-role": "Exluir regra?",
    "confirm-delete-tax-category": "Excluir categoria de imposto?",
    "confirm-delete-tax-rate": "Excluir taxa de imposto?",
    "create-new-channel": "Criar novo canal",
    "create-new-country": "Criar novo país",
    "create-new-payment-method": "",
    "create-new-role": "Criar nova regra",
    "create-new-shipping-method": "Criar novo método de envio",
    "create-new-tax-category": "Criar categoria de imposto",
    "create-new-tax-rate": "Criar nova taxa de imposto",
    "create-new-zone": "Criar nova zona",
    "create-zone": "Criar zona",
    "currency": "Moeda",
    "default-role-label": "Esta é uma regra padrão e não pode ser modificada",
    "default-shipping-zone": "Zona de envio padrão",
    "default-tax-zone": "Zona de imposto padrão",
    "eligible": "Elegível",
    "email-address": "Email",
    "filter-by-member-name": "Filtrar por país",
    "first-name": "Nome",
    "fulfillment-handler": "Manipulador de preenchimento",
    "global-out-of-stock-threshold": "Limite global de falta de estoque",
    "global-out-of-stock-threshold-tooltip": "Define o nível de estoque no qual esta variação é considerada em falta. Usar um valor negativo ativa o suporte a pedidos em espera. Pode ser substituído por variações do produto.",
    "last-name": "Sobrenome",
    "no-eligible-shipping-methods": "Nenhum método de envio qualificado",
    "password": "Senha",
    "payment-eligibility-checker": "",
    "payment-handler": "",
    "permissions": "Permissões",
    "prices-include-tax": "Os preços incluem impostos para a Zona padrão",
    "profile": "Perfil",
    "rate": "Taxa",
    "remove-countries-from-zone-success": "Excluído { countryCount } {countryCount, plural, one {country} other {countries}} da zona \"{ zoneName }\"",
    "remove-from-zone": "Excluir da zona",
    "roles": "Regras",
    "search-by-product-name-or-sku": "Pesquisa por nome do produto ou SKU",
    "search-country-by-name": "Pesquisa países por nome",
    "shipping-calculator": "Calculadora de envio",
    "shipping-eligibility-checker": "Verificador de elegibilidade para envio",
    "shipping-method": "Método de envio",
    "tax-category": "Categoria de imposto",
    "tax-rate": "Taxa de imposto",
    "test-address": "Endereço de teste",
    "test-order": "Pedido de teste",
    "test-result": "Resultado de teste",
    "test-shipping-method": "Método de envio de teste",
    "test-shipping-methods": "Métodos de envio de teste",
    "track-inventory-default": "Rastrear inventário por padrão",
    "update-zone": "Zona de atualização",
    "view-zone-members": "Visualizar membros",
    "zone": "Zona"
  },
  "state": {
    "adding-items": "Criando itens",
    "all-orders": "Todos os pedidos",
    "arranging-additional-payment": "",
    "arranging-payment": "Organização de pagamento",
    "authorized": "Autorizada",
    "cancelled": "Cancelado",
    "created": "Criado",
    "declined": "Recusado",
    "delivered": "Entregue",
    "draft": "",
    "error": "Erro",
    "failed": "Falhado",
    "modifying": "Modificando",
    "partially-delivered": "Parcialmente entregue",
    "partially-shipped": "Parcialmente enviado",
    "payment-authorized": "Pagamento autorizado",
    "payment-settled": "Pagamento liquidado",
    "pending": "Pendente",
    "settled": "Resolvido",
    "shipped": "Enviado"
  },
  "system": {
    "all-job-queues": "Todas as filas de trabalhos",
    "health-all-systems-up": "Todos os sistemas ativos",
    "health-error": "Erro: um ou mais sistemas estão inoperantes!",
    "health-last-checked": "Última verificação",
    "health-message": "Menssagem",
    "health-refresh": "Atualizar",
    "health-status": "Status",
    "health-status-down": "Para baixo",
    "health-status-up": "Para cima",
    "hide-settled-jobs": "Ocultar trabalhos resolvidos",
    "job-data": "Dados do trabalho",
    "job-duration": "Duração",
    "job-error": "Erro do trabalho",
    "job-queue-name": "Nome da fila",
    "job-result": "Resultado do trabalho",
    "job-state": "Estado do trabalho"
  }
}
