{
  "admin": {
    "create-new-administrator": "Adicionar novo administrador",
    "search-administrator":"Procurar por primeiro nome / último nome / e-mail"
  },
  "asset": {
    "add-asset": "Adicionar imagens",
    "add-asset-with-count": "Adiciona {count, plural, 0 {assets} one {1 asset} other {{count} assets}}",
    "assets-selected-count": "{ count } imagens selecionadas",
    "dimensions": "Dimensões",
    "focal-point": "Ponto central",
    "notify-create-assets-success": "Criado {count, plural, one {new Asset} other {{count} new Assets}}",
    "original-asset-size": "Tamanho do ficheiro",
    "preview": "Pré-visualização",
    "remove-asset": "Eliminar imagens",
    "select-asset": "Seleccione a imagem",
    "select-assets": "Seleccione as imagens",
    "set-as-featured-asset": "Definir como imagem em destaque",
    "set-focal-point": "Definir ponto central",
    "source-file": "Ficheiro original",
    "unset-focal-point": "Desactivar",
    "update-focal-point": "Actualizar ponto central",
    "update-focal-point-error": "Não é possível actualizar o ponto central",
    "update-focal-point-success": "Ponto central actualizado com sucesso",
    "upload-assets": "Enviar imagens",
    "uploading": "A enviar..."
  },
  "breadcrumb": {
    "administrators": "Administradores",
    "assets": "Imagens",
    "channels": "Canais",
    "collections": "Categorias",
    "countries": "Países",
    "customer-groups": "Grupos de cliente",
    "customers": "Clientes",
    "dashboard": "Painel de controlo",
    "facets": "Etiquetas",
    "global-settings": "Configurações globais",
    "job-queue": "Fila de tabalho",
    "manage-variants": "Gerir variações",
    "modifying": "A modificar",
    "orders": "Encomendas",
    "payment-methods": "Métodos de pagamentos",
    "product-options": "Opções",
    "products": "Produtos",
    "profile": "Perfil",
    "promotions": "Promoções",
    "roles": "Regras",
    "shipping-methods": "Métodos de envio",
    "system-status": "Estado do sistema",
    "tax-categories": "Categorias de taxas e impostos",
    "tax-rates": "Taxas de impostos",
    "zones": "Zonas"
  },
  "catalog": {
    "add-facet-value": "Adicionar novo valor",
    "add-facets": "Adicionar etiqueta",
    "add-option": "Adicionar opção",
    "asset-preview-links": "",
    "assign-collections-to-channel-success": "",
    "assign-facets-to-channel-success": "",
    "assign-product-to-channel-success": "Produto atribuído com sucesso a \"{ channel }\"",
    "assign-products-to-channel": "Atribuir produtos ao canal",
    "assign-to-channel": "Atribuir ao canal",
    "assign-to-named-channel": "Atribuir a { channelCode }",
    "assign-variant-to-channel-success": "Variantes atribuídas ao canal com sucesso",
    "assign-variants-to-channel": "Atribuir variante ao canal",
    "auto-update-option-variant-name": "Utilizar esta opção para actualizar automaticamente os nomes das variantes",
    "auto-update-product-variant-name": "Actualizar automaticamente os nomes das variantes do produto",
    "channel-price-preview": "Visualizar preço do canal",
    "collection-contents": "Conteúdo da categoria",
    "confirm-bulk-delete-collections": "",
    "confirm-bulk-delete-facets": "",
    "confirm-bulk-delete-products": "",
    "confirm-cancel": "",
    "confirm-delete-administrator": "Eliminar administrador?",
    "confirm-delete-assets": "Eliminar {count} {count, plural, one {imagem} other {imagens}}?",
    "confirm-delete-channel": "Exluir canal?",
    "confirm-delete-collection": "Eliminar categorias?",
    "confirm-delete-collection-and-children-body": "Ao eliminar a categoria, todas as categorias filho serão eliminadas",
    "confirm-delete-country": "Eliminar país?",
    "confirm-delete-customer": "Eliminar cliente?",
    "confirm-delete-facet": "Eliminar etiqueta?",
    "confirm-delete-facet-value": "Eliminar valor da etiqueta?",
    "confirm-delete-product": "Eliminar produto?",
    "confirm-delete-product-option": "",
    "confirm-delete-product-option-group": "",
    "confirm-delete-product-variant": "Eliminar variante do produto?",
    "confirm-delete-promotion": "Eliminar promoção?",
    "confirm-delete-shipping-method": "Eliminar método de envio?",
    "confirm-delete-zone": "Eliminar região?",
    "confirm-deletion-of-unused-variants-body": "As variantes listadas abaixo estão obsoletas e serão eliminadas devido à adição de novas opções.",
    "confirm-deletion-of-unused-variants-title": "Eliminar as variantes obsoletas?",
    "create-draft-order": "",
    "create-new-collection": "Criar nova categoria",
    "create-new-facet": "Criar nova etiqueta",
    "create-new-product": "Novo produto",
    "created-new-variants-success": "{count} {count, plural, one {variante adicionada} other {variantes adicionadas}} com sucesso",
    "default-variant": "Variante padrão",
    "display-variant-cards": "Lista com detalhes",
    "display-variant-table": "Lista simplificada",
    "drop-files-to-upload": "Colocar ficheiros para enviar",
    "duplicate-sku-warning": "Certifique-se de que todos os SKUs sejam únicos",
    "edit-facet-values": "",
    "edit-options": "Editar opções",
    "expand-all-collections": "Expandir todas as categorias",
    "facet-value-not-available": "",
    "facet-values": "Valor da Etiqueta",
    "filter-by-name": "Filtrar por nome",
    "filter-by-name-or-sku": "Filtrar por nome ou SKU",
    "filters": "Filtros",
    "group-by-product": "Agrupar por produto",
    "live-preview-contents": "",
    "manage-variants": "Gerir variações",
    "move-down": "Mover para baixo",
    "move-to": "Mover para",
    "move-up": "Mover para cima",
    "no-channel-selected": "Nenhum canal seleccionado",
    "no-featured-asset": "Nenhum recurso em destaque",
    "no-selection": "Nenhuma imagem seleccionada",
    "notify-bulk-delete-collections-success": "",
    "notify-bulk-delete-facets-success": "",
    "notify-bulk-delete-products-success": "",
    "notify-remove-collections-from-channel-success": "",
    "notify-remove-facets-from-channel-success": "",
    "notify-remove-product-from-channel-error": "Não foi possível remover o produto do canal",
    "notify-remove-product-from-channel-success": "Produto removido do canal com sucesso",
    "notify-remove-variant-from-channel-error": "Erro ao remover a variante do canal",
    "notify-remove-variant-from-channel-success": "Variante removida do canal com sucesso",
    "option": "Opção",
    "option-name": "Nome da opção",
    "option-values": "Valor da opção",
    "out-of-stock-threshold": "Limite para fora de estoque",
    "out-of-stock-threshold-tooltip": "Define o limite para a variante ser considerada sem estoque. Usar um valor negativo activa o suporte a pedidos pendentes.",
    "pending-search-index-updates": "O índice de pesquisa tem atualizações pendentes para executar",
    "price": "Preço",
    "price-conversion-factor": "Factor de conversão de preço",
    "price-in-channel": "Preço no canal { channel }",
    "price-includes-tax-at": "Inclui { rate }% de imposto",
    "price-with-tax-in-default-zone": "Inclui { rate }% de imposto: { price }",
    "private": "Privado",
    "product-details": "Detalhes do produto",
    "product-name": "Nome do produto",
    "product-variants": "Variações do produto",
    "public": "Público",
    "rebuild-search-index": "Reconstruir índice de pesquisa",
    "reindex-error": "Ocorreu um erro ao reconstruir o índice de pesquisa",
    "reindex-successful": "{count, plural, one {Variante do produto indexada} other {{count} variantes de produtos indexadas}} em {time}ms",
    "reindexing": "A reconstruir o índice de pesquisa",
    "remove-from-channel": "Eliminar do canal",
    "remove-option": "Eliminar opção",
    "remove-product-from-channel": "Eliminar produto do canal",
    "remove-product-variant-from-channel": "Remover variante do canal?",
    "root-collection": "",
    "run-pending-search-index-updates": "Executar {count, plural, one {1 actualização pendente} other {{count} actualizações pendentes}}",
    "running-search-index-updates": "A executar {count, plural, one {1 actualização} other {{count} actualizações}}",
    "search-asset-name-or-tag": "Pesquisar pelo nome ou tag",
    "search-for-term": "Pesquisar termo",
    "search-index-controls": "Controles de índice de pesquisa",
    "search-product-name-or-code": "Pesquisar por nome ou código do produto",
    "select-product": "Seleccione o produto",
    "select-product-variant": "Seleccione a variante do produto",
    "sku": "SKU",
    "slug": "Slug",
    "slug-pattern-error": "Slug inválido",
    "stock-allocated": "Estoque reservado",
    "stock-allocated-tooltip": "O número de unidades reservadas às encomendas que ainda não foram processadas",
    "stock-on-hand": "Estoque",
    "stock-on-hand-tooltip": "Estoque disponível - o número de unidades disponíveis em estoque",
    "stock-saleable": "Estoque disponível para venda",
    "stock-saleable-tooltip": "O número de unidades disponíveis para venda subtraído ao estoque reservado, considerando o limite definido para fora de estoque",
    "tax-category": "Categoria de impostos",
    "taxes": "Impostos",
    "track-inventory": "Rastrear inventário",
    "track-inventory-false": "Não rastrear",
    "track-inventory-inherit": "Herdar das configurações globais",
    "track-inventory-tooltip": "Quando rastreados, os níveis de estoque da variante do produto serão ajustados automaticamente quando vendidos",
    "track-inventory-true": "Rastrear",
    "update-product-option": "Actualizar opção do produto",
    "use-global-value": "Utilizar configuração global",
    "values": "Valores",
    "variant": "Variante",
    "view-contents": "Visualizar conteúdo",
    "visibility": "Visibilidade"
  },
  "common": {
    "ID": "ID",
    "actions": "Acções",
    "add-item-to-list": "Adicionar item à lista",
    "add-new-variants": "Adicionar {count, plural, one {variante} other {{count} variantes}}",
    "add-note": "Adicionar nota",
    "available-languages": "Idiomas disponíveis",
    "boolean-and": "",
    "boolean-or": "",
    "browser-default": "Navegador padrão",
    "cancel": "Cancelar",
    "cancel-navigation": "Continuar a editar",
    "change-selection": "Alterar seleccionados",
    "channel": "Canal",
    "channels": "Canais",
    "clear-selection": "",
    "close": "Fechar",
    "code": "Código",
    "collapse-entries": "Recolher entradas",
    "confirm": "Confirmar",
    "confirm-delete-note": "Eliminar nota?",
    "confirm-navigation": "Descartar modificações?",
    "create": "Adicionar",
    "created-at": "Adicionado em",
    "custom-fields": "Campos customizados",
    "default-channel": "Canal padrão",
    "default-language": "Idioma padrão",
    "default-tax-category": "Categoria de imposto padrão",
    "delete": "Eliminar",
    "description": "Descrição",
    "details": "Detalhes",
    "disabled": "Inactivo",
    "discard-changes": "Descartar modificações",
    "edit": "Editar",
    "edit-field": "Editar campo",
    "edit-note": "Editar nota",
    "enabled": "Activo",
    "expand-entries": "Expandir entradas",
    "extension-running-in-separate-window": "A extensão está a ser executada em uma janela separada",
    "filter": "Filtro",
    "force-delete": "",
    "force-remove": "",
    "general": "Geral",
    "guest": "Convidado",
    "items-per-page-option": "{ count } por página",
    "items-selected-count": "",
    "keep-editing": "",
    "language": "Idioma",
    "launch-extension": "Iniciar extensão",
    "live-update": "Actualização em tempo real",
    "locale": "Localidade",
    "log-out": "Sair",
    "login": "Entrar",
    "manage-tags": "Gerir tags",
    "manage-tags-description": "Atualize ou elimine tags globalmente.",
    "medium-date": "Data média",
    "more": "Mais...",
    "name": "Nome",
    "no-bulk-actions-available": "",
    "no-results": "Nenhum resultado encontrado",
    "not-applicable": "",
    "not-set": "Não configurado",
    "notify-bulk-update-success": "",
    "notify-create-error": "Ocorreu um erro. Não foi possível criar { entity }",
    "notify-create-success": "Novo(a) { entity } adicionado(a)",
    "notify-delete-error": "Ocorreu um erro, não foi possível eliminar { entity }",
    "notify-delete-success": "{ entity } excluído(a)",
    "notify-remove-products-from-channel-success": "",
    "notify-save-changes-error": "Ocorreu um erro. Não foi possível guardar as alterações",
    "notify-saved-changes": "Alterações guardadas",
    "notify-update-error": "Ocorreu um erro. Não foi possível actualizar a entidade { entity }",
    "notify-update-success": "Entidade ({ entity }) actualizada com sucesso",
    "notify-updated-tags-success": "Tags actualizadas com sucesso",
    "okay": "",
    "open": "Visualizar",
    "password": "Palavra passe",
    "price": "Preço",
    "price-with-tax": "Preço com impostos",
    "private": "Privado",
    "public": "Público",
    "remember-me": "Lembre-se de mim",
    "remove": "Eliminar",
    "remove-item-from-list": "Remover item da lista",
    "results-count": "{ count } {count, plural, one {resultado} other {resultados}}",
    "sample-formatting": "Formatação de amostra",
    "select": "Seleccione...",
    "select-display-language": "Seleccionar idioma",
    "select-items-with-count": "",
    "select-products": "",
    "select-relation-id": "",
    "select-today": "Seleccione a data de hoje",
    "select-variants": "",
    "set-language": "Definir idioma",
    "short-date": "Data abreviada",
    "tags": "Tags",
    "theme": "Tema",
    "there-are-unsaved-changes": "Há alterações por guardar. Navegar para outra página fará com que essas alterações sejam perdidas.",
    "toggle-all": "Alternar tudo",
    "total-items": "{currentStart} - {currentEnd} de {totalItems}",
    "update": "Actualização",
    "updated-at": "Actualizado em",
    "username": "Nome do utilizador",
    "view-next-month": "Visualizar próximo mês",
    "view-previous-month": "Visualizar mês anterior",
    "with-selected": "Com seleccionado..."
  },
  "customer": {
    "add-customer-to-group": "Adicionar cliente ao grupo",
    "add-customer-to-groups-with-count": "Adicionar cliente a {count, plural, one {1 groupo} other {{count} grupos}}",
    "add-customers-to-group": "Adicionar clientes ao grupo",
    "add-customers-to-group-success": "{customerCount, plural, one {1 cliente adicionado} other {{customerCount} clientes adicionados}} ao grupo \"{ groupName }\"",
    "add-customers-to-group-with-count": "{count, plural, one {1 cliente adicionado} other {{count} clientes adicionados}}",
    "add-customers-to-group-with-name": "Clientes adicionados ao grupo \"{ groupName }\"",
    "addresses": "Moradas",
    "city": "Cidade",
    "company": "",
    "confirm-delete-customer-group": "Eliminar grupo de cliente?",
    "confirm-remove-customer-from-group": "Eliminar cliente do grupo?",
    "country": "País",
    "create-customer-group": "Criar grupo de cliente",
    "create-new-address": "Criar nova morada",
    "create-new-customer": "Criar novo cliente",
    "create-new-customer-group": "Criar novo grupo de cliente",
    "customer-groups": "Grupos de cliente",
    "customer-history": "Histórico de cliente",
    "customer-type": "Tipo de cliente",
    "default-billing-address": "Morada de cobrança padrão",
    "default-shipping-address": "Morada de entrega padrão",
    "email-address": "E-mail",
    "email-verification-sent": "E-mail de verificação enviado para { emailAddress }",
    "first-name": "Nome",
    "full-name": "Nome completo",
    "guest": "Convidado",
    "history-customer-added-to-group": "Cliente adicionado ao grupo \"{ groupName }\"",
    "history-customer-address-created": "Morada criado",
    "history-customer-address-deleted": "Morada eliminada",
    "history-customer-address-updated": "Morada actualizada",
    "history-customer-detail-updated": "Detalhes do cliente actualizados",
    "history-customer-email-update-requested": "Actualização do e-mail solicitada",
    "history-customer-email-update-verified": "Actualização do e-mail confirmada",
    "history-customer-password-reset-requested": "Redefinição de palavra passe solicitada",
    "history-customer-password-reset-verified": "Redefinição de palavra passe verificada",
    "history-customer-password-updated": "Palavra passe actualizada",
    "history-customer-registered": "Cliente registado",
    "history-customer-removed-from-group": "Cliente removido do grupo \"{ groupName }\"",
    "history-customer-verified": "Cliente verificado",
    "history-using-external-auth-strategy": "a utilizar { strategy }",
    "history-using-native-auth-strategy": "a utilizar email",
    "last-login": "Último acesso",
    "last-name": "Sobrenome",
    "name": "Nome",
    "new-email-address": "Novo email",
    "no-orders-placed": "Nenhum pedido realizado",
    "not-a-member-of-any-groups": "Este cliente não é membro de nenhum grupo",
    "old-email-address": "E-mail antigo",
    "orders": "Encomendas",
    "password": "Palavra passe",
    "phone-number": "Telefone",
    "postal-code": "Código Postal",
    "province": "Localidade",
    "registered": "Registado",
    "remove-customers-from-group-success": "{customerCount, plural, one {1 cliente eliminado} other {{customerCount} clientes eliminados}} do grupo \"{ groupName }\"",
    "remove-from-group": "Eliminar deste grupo",
    "search-by-group-name": "Pesquisar termo",
    "search-customers-by-email": "Pesquisar por email",
    "search-customers-by-email-last-name-postal-code": "Pesquisar pelo apelido / email / código postal",
    "select-customer": "Seleccione o cliente",
    "set-as-default-billing-address": "Definir como morada de faturação padrão",
    "set-as-default-shipping-address": "Definir como morada de entrega padrão",
    "street-line-1": "Morada",
    "street-line-2": "Complemento da morada",
    "title": "Título",
    "update-customer-group": "Actualizar grupo de cliente",
    "verified": "Verificado",
    "view-group-members": "Visualizar membros do grupo"
  },
  "dashboard": {
    "add-widget": "Adicionar widget",
    "latest-orders": "Últimas encomendas",
    "orders-summary": "Resumo de encomendas",
    "remove-widget": "Remover widget",
    "thisMonth": "Este mês",
    "thisWeek": "Esta semana",
    "today": "Hoje",
    "total-order-value": "Valor total",
    "total-orders": "Total de encomendas",
    "widget-resize": "Redimensionar",
    "widget-width": "Largura: {width}",
    "yesterday": "Ontem"
  },
  "datetime": {
    "ago-days": "{count, plural, one {1 dia} other {{count} dias}} atrás",
    "ago-hours": "{count, plural, one {1 hora} other {{count} horas}} atrás",
    "ago-minutes": "{count, plural, one {1 minuto} other {{count} minutos}} atrás",
    "ago-seconds": "{count, plural, =0 {just now} one {há 1 segundo} other {há {count} segundos}}",
    "ago-years": "{count, plural, one {1 ano} other {{count} anos}} atrás",
    "duration-milliseconds": "{ms}ms",
    "duration-minutes:seconds": "{m}:{s}m",
    "duration-seconds": "{s}s",
    "month-apr": "Abril",
    "month-aug": "Agosto",
    "month-dec": "Dezembro",
    "month-feb": "Fevereiro",
    "month-jan": "Janeiro",
    "month-jul": "Julho",
    "month-jun": "Junho",
    "month-mar": "Março",
    "month-may": "Maio",
    "month-nov": "Novembro",
    "month-oct": "Outubro",
    "month-sep": "Setembro",
    "time": "Tempo",
    "weekday-fr": "Sex",
    "weekday-mo": "Seg",
    "weekday-sa": "Sáb",
    "weekday-su": "Dom",
    "weekday-th": "Qui",
    "weekday-tu": "Ter",
    "weekday-we": "Qua"
  },
  "editor": {
    "image-alt": "Descrição (alt)",
    "image-src": "Código",
    "image-title": "Título",
    "insert-image": "Inserir imagem",
    "link-href": "Link de referência",
    "link-title": "Título do link",
    "remove-link": "Remover",
    "set-link": "Atribuir link"
  },
  "error": {
    "403-forbidden": "No momento, você não está autorizado a aceder \"{ path }\". Você não tem permissão ou a sua sessão expirou.",
    "could-not-connect-to-server": "Não foi possível conectar-se ao servidor Vendure",
    "facet-value-form-values-do-not-match": "O número de valores no formulário de etiqueta não corresponde ao número real de valores",
    "health-check-failed": "Falha na verificação de integridade do sistema",
    "no-default-shipping-zone-set": "O canal não possui regiões de entrega padrão. Poderá ocorrer erros ao calcular as despesas de envio da encomenda.",
    "no-default-tax-zone-set": "O canal não possui regiões de imposto padrão, o que causará erros no cálculo dos preços. Por favor, crie ou seleccione uma região.",
    "product-variant-form-values-do-not-match": "O número de variantes no formulário do produto não corresponde ao número real de variantes"
  },
  "marketing": {
    "actions": "Acções",
    "add-action": "Adicionar ação",
    "add-condition": "Adicionar condição",
    "conditions": "Condições",
    "coupon-code": "Código promocional",
    "create-new-promotion": "Criar nova promoção",
    "ends-at": "Válido até",
    "per-customer-limit": "Limite por cliente",
    "search-by-coupon-code": "Pesquisar pelo código",
    "search-by-name": "Pesquisar pelo nome",
    "starts-at": "Válido a partir"
  },
  "nav": {
    "administrators": "Administradores",
    "assets": "Imagens",
    "catalog": "Catálogo",
    "channels": "Canais",
    "collections": "Categorias",
    "countries": "Países",
    "customer-groups": "Grupos",
    "customers": "Clientes",
    "facets": "Etiquetas",
    "global-settings": "Configurações Gerais",
    "job-queue": "Fila de trabalho",
    "marketing": "Marketing",
    "orders": "Encomendas",
    "payment-methods": "Métodos de pagamentos",
    "products": "Produtos",
    "promotions": "Promoções",
    "roles": "Gerir permissões",
    "sales": "Vendas",
    "settings": "Configurações",
    "shipping-methods": "Métodos de envio",
    "system": "Sistema",
    "system-status": "Estado do sistema",
    "tax-categories": "Categorias das taxas",
    "tax-rates": "Taxas de impostos",
    "zones": "Regiões"
  },
  "order": {
    "add-item-to-order": "Adicionar item à encomenda",
    "add-note": "Adicionar nota",
    "add-payment": "Adicionar pagamento",
    "add-payment-to-order": "Adicionar pagamento à encomenda",
    "add-payment-to-order-success": "Pagamento adicionado à encomenda com sucesso",
    "add-surcharge": "Adicionar sobretaxa",
    "added-items": "Itens adicionados",
    "amount": "Total",
    "apply-filters": "Aplicar filtros",
    "arrange-additional-payment": "Configurar pagamento adicional",
    "billing-address": "Morada de faturação",
    "cancel": "Cancelar",
    "cancel-entire-order": "",
    "cancel-fulfillment": "Cancelar entrega",
    "cancel-modification": "Cancelar modificação",
    "cancel-order": "Cancelar encomenda",
    "cancel-payment": "Cancelar pagamento",
    "cancel-reason-customer-request": "Encomenda do cliente",
    "cancel-reason-not-available": "Não disponível",
    "cancel-selected-items": "Cancelar itens seleccionados",
    "cancel-specified-items": "",
    "cancellation-reason": "Motivo do cancelamento",
    "cancelled-order-success": "Encomenda cancelada com sucesso",
    "complete-draft-order": "",
    "confirm-modifications": "Confirmar modificações",
    "contents": "Conteúdo",
    "create-fulfillment": "Criar entrega",
    "create-fulfillment-success": "O processo entrega foi criado com sucesso",
    "customer": "Cliente",
    "delete-draft-order": "",
    "edit-billing-address": "Editar morada de faturação",
    "edit-shipping-address": "Editar morada de entrega",
    "error-message": "Mensagem de erro",
    "existing-address": "",
    "existing-customer": "",
    "filter-custom": "Customizar",
    "filter-preset-active": "Activa",
    "filter-preset-completed": "Concluída",
    "filter-preset-draft": "",
    "filter-preset-open": "A processar",
    "filter-preset-shipped": "Enviada",
    "fulfill": "Enviar",
    "fulfill-order": "Enviar a encomenda",
    "fulfillment": "Entrega",
    "fulfillment-method": "Método de envio",
    "history-coupon-code-applied": "Código promocional aplicado",
    "history-coupon-code-removed": "Código promocional eliminado",
    "history-fulfillment-created": "Entrega criada",
    "history-fulfillment-delivered": "Entrega concluída",
    "history-fulfillment-shipped": "Encomenda enviada",
    "history-fulfillment-transition": "A entrega transitou do estado {from} para o estado {to}",
    "history-items-cancelled": "{count} {count, plural, one {item cancelado} other {itens cancelados}}",
    "history-order-cancelled": "Encomenda cancelada",
    "history-order-created": "Encomenda criada",
    "history-order-fulfilled": "Encomenda finalizada",
    "history-order-modified": "Encomenda modificada",
    "history-order-transition": "A encomenda transitou do estado {from} para o estado {to}",
    "history-payment-settled": "Pagamento concluído",
    "history-payment-transition": "Pagamento #{id} transferido do estado {from} para o estado {to}",
    "history-refund-transition": "Reembolso #{id} transferido do estado {from} para o estado {to}",
    "item-count": "{count} {count, plural, one {item} other {itens}}",
    "line-fulfillment-all": "Todos os produtos enviados",
    "line-fulfillment-none": "Nenhum produto enviado",
    "line-fulfillment-partial": "{ count } de { total } produtos enviados",
    "manually-transition-to-state": "Mudar manualmente para estado...",
    "manually-transition-to-state-message": "Faça a transição manual do pedido para outro estado. Atenção que os estados do pedido são regidos por regras que podem impedir certas transições.",
    "modification-adding-items": "A adicionar {count} {count, plural, one {item} other {itens}}",
    "modification-adding-surcharges": "A adicionar {count} {count, plural, one {sobretaxa} other {sobretaxas}}",
    "modification-adjusting-lines": "A ajustar {count} {count, plural, one {linha} other {linhas}}",
    "modification-not-settled": "Não resolvido",
    "modification-recalculate-shipping": "Recalcular envio",
    "modification-settled": "Resolvido",
    "modification-summary": "Resumo de modificações",
    "modification-updating-billing-address": "A actualizar morada de faturação",
    "modification-updating-shipping-address": "A actualizar morada de entrega",
    "modifications": "Modificações",
    "modify-order": "Modificar pedido",
    "modify-order-price-difference": "Diferença de preço",
    "net-price": "Preço líquido",
    "note": "Nota",
    "note-is-private": "Marcar como privada",
    "note-only-visible-to-administrators": "Visível somente para administradores",
    "note-visible-to-customer": "Visível para administradores e clientes",
    "order-history": "Histórico de encomendas",
    "order-state-diagram": "Diagrama do estado da encomenda",
    "payment": "Pagamento",
    "payment-amount": "Valor do pagamento",
    "payment-metadata": "Dados do pagamento",
    "payment-method": "Método de pagamento",
    "payment-state": "Estado",
    "payment-to-refund": "Pagamento para reembolso",
    "placed-at": "Adicionada em",
    "placed-at-end": "Adicionada até",
    "placed-at-start": "Adicionada a partir de",
    "preview-changes": "Revisar mudanças",
    "product-name": "Nome do produto",
    "product-sku": "SKU",
    "promotions-applied": "Promoções aplicadas",
    "prorated-unit-price": "Diferença de preço",
    "quantity": "Quantidade",
    "refund": "Reembolso",
    "refund-adjustment": "Ajuste",
    "refund-and-cancel-order": "Reembolso e cancelamento da encomenda",
    "refund-cancellation-reason": "Motivo do reembolso/cancelamento",
    "refund-cancellation-reason-required": "O motivo do reembolso/cancelamento é obrigatório",
    "refund-metadata": "Dados do reembolso",
    "refund-order-failed": "Erro ao processar o reembolso",
    "refund-order-success": "Pedido de reembolso efetuado com sucesso",
    "refund-reason": "Motivo do reembolso",
    "refund-reason-customer-request": "Solicitação do cliente",
    "refund-reason-not-available": "Não disponível",
    "refund-shipping": "Envio de reembolso",
    "refund-total": "Total do reembolso",
    "refund-total-error": "Total do reembolso deve ser entre {min} e {max}",
    "refund-total-warning": "O total do reembolso excede o valor do pagamento seleccionado. O valor excedido será descontado dos outros pagamentos.",
    "refund-with-amount": "Reembolso {amount}",
    "refunded-count": "{count} {count, plural, one {item reembolsado} other {itens reembolsados}}",
    "removed-items": "Itens removidos",
    "search-by-order-filters": "Pesqusiar pelo código da encomenda / apelido do cliente / ID da transação",
    "select-address": "",
    "select-shipping-method": "",
    "select-state": "Seleccionar estado",
    "set-billing-address": "",
    "set-coupon-codes": "",
    "set-customer-for-order": "",
    "set-fulfillment-state": "Marcar como {state}",
    "set-shipping-address": "",
    "set-shipping-method": "",
    "settle-payment": "Liquidar pagamento",
    "settle-payment-error": "Não foi possível liquidar o pagamento",
    "settle-payment-success": "Pagamento liquidado com sucesso",
    "settle-refund": "Confirmar reembolso",
    "settle-refund-manual-instructions": "Após reembolsar o cliente manualmente através do fornecedor {method}, insira aqui o código da transação.",
    "settle-refund-success": "Reembolso liquidado com sucesso",
    "shipping": "Envio",
    "shipping-address": "Morada de entrega",
    "shipping-cancelled": "",
    "shipping-method": "Método de envio",
    "state": "Estado",
    "sub-total": "Subtotal",
    "successfully-updated-fulfillment": "Envio actualizado com sucesso",
    "surcharges": "Sobretaxas",
    "tax-base": "Base tributária",
    "tax-description": "Descrição de tributação",
    "tax-rate": "Taxa de imposto",
    "tax-summary": "Resumo de impostos",
    "tax-total": "Total de impostos",
    "total": "Total",
    "tracking-code": "Código de rastreio",
    "transaction-id": "ID da transação",
    "transition-to-state": "Alterar para o estado { state }",
    "transitioned-payment-to-state-success": "Pagamento transitou com sucesso para o estado {state}",
    "transitioned-to-state-success": "Trasitou para o estado { state } com sucesso",
    "unable-to-transition-to-state-try-another": "Não foi possível transitar a encomenda para o estado \"{state}\". Seleccione outro estado.",
    "unfulfilled": "Por entreguar",
    "unit-price": "Preço unitário"
  },
  "settings": {
    "add-countries-to-zone": "Adicionar paises para { zoneName }",
    "add-countries-to-zone-success": "A adicionar { countryCount } {countryCount, plural, one {país} other {países}} à região \"{ zoneName }\"",
    "add-products-to-test-order": "Adicionar produdos para a encomenda de teste",
    "channel": "Canal",
    "channel-token": "Token do canal",
    "confirm-delete-payment-method": "Eliminar método de pagamento?",
    "confirm-delete-role": "Eliminar regra?",
    "confirm-delete-tax-category": "Eliminar categoria de imposto?",
    "confirm-delete-tax-rate": "Eliminar taxa de imposto?",
    "create-new-channel": "Criar novo canal",
    "create-new-country": "Criar novo país",
    "create-new-payment-method": "Criar novo método de pagamento",
    "create-new-role": "Criar nova regra",
    "create-new-shipping-method": "Criar novo método de envio",
    "create-new-tax-category": "Criar categoria de imposto",
    "create-new-tax-rate": "Criar nova taxa de imposto",
    "create-new-zone": "Criar nova região",
    "create-zone": "Criar região",
    "currency": "Moeda",
    "default-role-label": "Esta é uma regra padrão e não pode ser modificada",
    "default-shipping-zone": "Região de envio padrão",
    "default-tax-zone": "Região de imposto padrão",
    "eligible": "Elegível",
    "email-address": "E-mail",
    "filter-by-member-name": "Filtrar por país",
    "first-name": "Nome",
    "fulfillment-handler": "Manipulador para a execução de envio",
    "global-out-of-stock-threshold": "Limite globalpara fora de estoque",
    "global-out-of-stock-threshold-tooltip": "Define o limite para a variante ser considerada sem estoque. Usar um valor negativo activa o suporte a pedidos pendentes. Pode ser substituído pela variante do produto.",
    "last-name": "Apelido",
    "no-eligible-shipping-methods": "Nenhum método de envio válido",
    "password": "Palavra passe",
    "payment-eligibility-checker": "Validação da elegibilidade do método",
    "payment-handler": "Manipulador do método",
    "permissions": "Permissões",
    "prices-include-tax": "Os preços incluem impostos para a região padrão",
    "profile": "Perfil",
    "rate": "Taxa",
    "remove-countries-from-zone-success": "Eliminado { countryCount } {countryCount, plural, one {país} other {países}} da região \"{ zoneName }\"",
    "remove-from-zone": "Eliminar da região",
    "roles": "Regras",
    "search-by-product-name-or-sku": "Pesquisa por nome do produto ou SKU",
    "search-country-by-name": "Pesquisa países por nome",
    "shipping-calculator": "Calculadora de envio",
    "shipping-eligibility-checker": "Validação da elegibilidade do método",
    "shipping-method": "Método de envio",
    "tax-category": "Categoria de imposto",
    "tax-rate": "Taxa de imposto",
    "test-address": "Morada de teste",
    "test-order": "Encomenda de teste",
    "test-result": "Resultado do teste",
    "test-shipping-method": "Método de envio de teste",
    "test-shipping-methods": "Métodos de envio de teste",
    "track-inventory-default": "Rastrear inventário por padrão",
    "update-zone": "Actualizar região",
    "view-zone-members": "Visualizar membros",
    "zone": "Região"
  },
  "state": {
    "adding-items": "A adicionar itens",
    "all-orders": "Todas as encomendas",
    "arranging-additional-payment": "A configurar pagamento adicional",
    "arranging-payment": "Pagamento pendente",
    "authorized": "Autorizado",
    "cancelled": "Cancelado",
    "created": "Criado",
    "declined": "Recusado",
    "delivered": "Entregue",
    "draft": "",
    "error": "Erro",
    "failed": "Falhou",
    "modifying": "A modificar",
    "partially-delivered": "Parcialmente entregue",
    "partially-shipped": "Parcialmente enviado",
    "payment-authorized": "Pagamento autorizado",
    "payment-settled": "Pagamento liquidado",
    "pending": "Pendente",
    "settled": "Resolvido",
    "shipped": "Enviado"
  },
  "system": {
    "all-job-queues": "Todas as filas de trabalhos",
    "health-all-systems-up": "Todos os sistemas activos",
    "health-error": "Erro: um ou mais sistemas estão inoperantes!",
    "health-last-checked": "Última verificação",
    "health-message": "Mensagem",
    "health-refresh": "Actualizar",
    "health-status": "Estado",
    "health-status-down": "Offline",
    "health-status-up": "Online",
    "hide-settled-jobs": "Ocultar trabalhos concluídos",
    "job-data": "Dados do trabalho",
    "job-duration": "Duração",
    "job-error": "Erro do trabalho",
    "job-queue-name": "Nome da fila",
    "job-result": "Resultado do trabalho",
    "job-state": "Estado do trabalho"
  }
}
