{
  "admin": {
    "create-new-administrator": "Создать нового администратора",
    "search-administrator": "Поиск по имени / фамилии / электронной почте"
  },
  "asset": {
    "add-asset": "Добавить медиа-объект",
    "add-asset-with-count": "Добавить {count, plural, 0 {медиа-объектов} one {1 медиа-объект} other {{count} медиа-объектов}}",
    "assets-selected-count": "Выбрано { count } медиа-объектов",
    "dimensions": "Размеры",
    "focal-point": "Точка фокуса",
    "notify-create-assets-success": "Создано {count, plural, one {новый медиа-объект} other {{count} новых медиа-объектов}}",
    "original-asset-size": "Размер медиа-объекта",
    "preview": "Предварительный просмотр",
    "remove-asset": "Удалить медиа-объект",
    "select-asset": "Выбрать медиа-объект",
    "select-assets": "Выбрать медиа-объекты",
    "set-as-featured-asset": "Установить как избранный медиа-объект",
    "set-focal-point": "Установить точку фокуса",
    "source-file": "Исходный файл",
    "unset-focal-point": "Удалить точку фокуса",
    "update-focal-point": "Обновить точку фокуса",
    "update-focal-point-error": "Не удалось обновить координаты точки фокуса",
    "update-focal-point-success": "Точка фокуса была успешно обновлена",
    "upload-assets": "Загрузка медиа-объекта",
    "uploading": "Загрузка..."
  },
  "breadcrumb": {
    "administrators": "Администраторы",
    "assets": "Медиа-объекты",
    "channels": "Каналы",
    "collections": "Коллекции",
    "countries": "Страны",
    "customer-groups": "Группы клиентов",
    "customers": "Клиенты",
    "dashboard": "Дашборд",
    "facets": "Теги",
    "global-settings": "Глобальные настройки",
    "job-queue": "Очередь заданий",
    "manage-variants": "Управление вариантами",
    "modifying": "Изменение",
    "orders": "Заказы",
    "payment-methods": "Способы оплаты",
    "product-options": "",
    "products": "Товары",
    "profile": "Профиль",
    "promotions": "Акции",
    "roles": "Роли",
    "shipping-methods": "Способы доставки",
    "system-status": "Состояние системы",
    "tax-categories": "Категории налогов",
    "tax-rates": "Налоговые ставки",
    "zones": "Зоны"
  },
  "catalog": {
    "add-facet-value": "Добавить значение тега",
    "add-facets": "Добавить тег",
    "add-option": "Добавить опции",
    "asset-preview-links": "",
    "assign-collections-to-channel-success": "",
    "assign-facets-to-channel-success": "",
    "assign-product-to-channel-success": "Товар успешно добавлен в канал \"{ channel }\"",
    "assign-products-to-channel": "Добавить товары в канал",
    "assign-to-channel": "Добавить в канал",
    "assign-to-named-channel": "Добавить для { channelCode }",
    "assign-variant-to-channel-success": "Вариант товара успешно добавлен в канал \"{ channel }\"",
    "assign-variants-to-channel": "Добавить варианты товара в канал",
    "auto-update-option-variant-name": "Автоматически обновлять названия вариантов товара с помощью этой опции",
    "auto-update-product-variant-name": "Автоматически обновлять названия вариантов товара",
    "channel-price-preview": "Предварительный просмотр цен канала",
    "collection-contents": "Содержание коллекции",
    "confirm-bulk-delete-collections": "",
    "confirm-bulk-delete-facets": "",
    "confirm-bulk-delete-products": "",
    "confirm-cancel": "",
    "confirm-delete-administrator": "Удалить администратора?",
    "confirm-delete-assets": "Удалить {count} {count, plural, one {медиа-объект} other {медиа-объектов}}?",
    "confirm-delete-channel": "Удалить канал?",
    "confirm-delete-collection": "Удалить коллекцию?",
    "confirm-delete-collection-and-children-body": "Удаление этой коллекции также приведет к удалению всех дочерних коллекций.",
    "confirm-delete-country": "Удалить страну?",
    "confirm-delete-customer": "Удалить клиента?",
    "confirm-delete-facet": "Удалить тег?",
    "confirm-delete-facet-value": "Удалить значение тега?",
    "confirm-delete-product": "Удалить товар?",
    "confirm-delete-product-option": "",
    "confirm-delete-product-option-group": "",
    "confirm-delete-product-variant": "Удалить вариант товара?",
    "confirm-delete-promotion": "Удалить промо-акцию?",
    "confirm-delete-shipping-method": "Удалить способ доставки?",
    "confirm-delete-zone": "Удалить зону?",
    "confirm-deletion-of-unused-variants-body": "Следующие варианты товаров устарели из за добавления новых опций. Они будут удалены во время создания новых вариантов товара.",
    "confirm-deletion-of-unused-variants-title": "Удалить устаревшие варианты товара?",
    "create-draft-order": "",
    "create-new-collection": "Создать новую коллекцию",
    "create-new-facet": "Создать новый тег",
    "create-new-product": "Создать новый товар",
    "created-new-variants-success": "Успешно создан {count} новый {count, plural, one {вариант} other {вариантов}}",
    "default-variant": "Вариант товара по умолчанию",
    "display-variant-cards": "Просмотр карточек вариантов",
    "display-variant-table": "Просмотр в виде таблицы",
    "drop-files-to-upload": "Перетащите файлы для загрузки",
    "duplicate-sku-warning": "Убедитесь, что все артикулы (SKU) уникальны",
    "edit-facet-values": "",
    "edit-options": "",
    "expand-all-collections": "Развернуть все коллекции",
    "facet-value-not-available": "",
    "facet-values": "Значения тега",
    "filter-by-name": "Фильтр по имени",
    "filter-by-name-or-sku": "Фильтр по имени или артикулу (SKU)",
    "filters": "Фильтры",
    "group-by-product": "Группировать по товару",
    "live-preview-contents": "",
    "manage-variants": "Управление вариантами",
    "move-down": "Двигать вниз",
    "move-to": "Двигать к",
    "move-up": "Двигать вверх",
    "no-channel-selected": "Канал не выбран",
    "no-featured-asset": "Нет избранного медиа-объекта",
    "no-selection": "Не выбрано",
    "notify-bulk-delete-collections-success": "",
    "notify-bulk-delete-facets-success": "",
    "notify-bulk-delete-products-success": "",
    "notify-remove-collections-from-channel-success": "",
    "notify-remove-facets-from-channel-success": "",
    "notify-remove-product-from-channel-error": "Не удалось удалить товар из канала",
    "notify-remove-product-from-channel-success": "Товар успешно удален из канала",
    "notify-remove-variant-from-channel-error": "Не удалось удалить вариант товара из канала",
    "notify-remove-variant-from-channel-success": "Вариант товара успешно удален из канала",
    "option": "Опции",
    "option-name": "Имя опции",
    "option-values": "Значение опции",
    "out-of-stock-threshold": "Порог «нет в наличии»",
    "out-of-stock-threshold-tooltip": "Установите порог остатков на складе, после которого будет считаться, что варианта товара нет в наличии. При использовании отрицательного значения порога, включается поддержка предзаказа.",
    "pending-search-index-updates": "",
    "price": "Цена",
    "price-conversion-factor": "Коэффициент пересчета цены",
    "price-in-channel": "Цена в { channel }",
    "price-includes-tax-at": "Включает налог в { rate }%",
    "price-with-tax-in-default-zone": "Вкл. { rate }% налог: { price }",
    "private": "Частный",
    "product-details": "Информация о товаре",
    "product-name": "Имя товара",
    "product-variants": "Вариант товара",
    "public": "Публичный",
    "rebuild-search-index": "Перестроить поисковый индекс",
    "reindex-error": "Произошла ошибка при перестройке индекса поиска",
    "reindex-successful": "Проиндексировано {count, plural, one {вариант товара} other {{count} вариантов товара}} за {time}мс",
    "reindexing": "Перестройка поискового индекса",
    "remove-from-channel": "Удалить из канала",
    "remove-option": "Удалить опции",
    "remove-product-from-channel": "Удалить товар из канала",
    "remove-product-variant-from-channel": "Удалить вариант товара из канала",
    "root-collection": "",
    "run-pending-search-index-updates": "",
    "running-search-index-updates": "",
    "search-asset-name-or-tag": "Поиск по названию медиа-объект или тегам",
    "search-for-term": "Искать по фразе",
    "search-index-controls": "",
    "search-product-name-or-code": "Поиск по названию товара или коду",
    "select-product": "Выбрать товара",
    "select-product-variant": "Выберите вариант товара",
    "sku": "Артикул",
    "slug": "Код",
    "slug-pattern-error": "Код задан некорректно",
    "stock-allocated": "Зарезервировано",
    "stock-allocated-tooltip": "Количество единиц, зарезервированных для заказов, которые были размещены, но еще не выполнены.",
    "stock-on-hand": "На складе",
    "stock-on-hand-tooltip": "Количество на складе - количество физических единиц, имеющихся на складе.",
    "stock-saleable": "Доступно для продажи",
    "stock-saleable-tooltip": "Количество единиц, доступных для продажи с учетом порогового значения отсутствия на складе",
    "tax-category": "Налоговая категория",
    "taxes": "Налоги",
    "track-inventory": "Отслеживать инвентаризацию",
    "track-inventory-false": "Не отслеживать",
    "track-inventory-inherit": "Наследовать от глобальных настроек",
    "track-inventory-tooltip": "При отслеживании, уровни запаса вариантов товара будут автоматически корректироваться при продаже.",
    "track-inventory-true": "Отслеживать",
    "update-product-option": "Обновить вариант товара",
    "use-global-value": "Использовать глобальное значение",
    "values": "Значения",
    "variant": "Вариант",
    "view-contents": "Просмотр содержимого",
    "visibility": "Видимость"
  },
  "common": {
    "ID": "ID",
    "actions": "Действия",
    "add-item-to-list": "Добавить позицию в список",
    "add-new-variants": "Добавить {count, plural, one {1 вариант} other {{count} вариантов}}",
    "add-note": "Добавить заметку",
    "available-languages": "Доступные языки",
    "boolean-and": "",
    "boolean-or": "",
    "browser-default": "",
    "cancel": "Отмена",
    "cancel-navigation": "Отменить навигацию",
    "change-selection": "Изменить выбор",
    "channel": "Канал",
    "channels": "Каналы",
    "clear-selection": "",
    "close": "Закрыть",
    "code": "Код",
    "collapse-entries": "Свернуть записи",
    "confirm": "Подтверждать",
    "confirm-delete-note": "Удалить заметку?",
    "confirm-navigation": "Подтвердите навигацию",
    "create": "Создать",
    "created-at": "Создано в",
    "custom-fields": "Настраиваемые поля",
    "default-channel": "Канал по умолчанию",
    "default-language": "Язык по умолчанию",
    "default-tax-category": "Категория налога по умолчанию",
    "delete": "Удалить",
    "description": "Описание",
    "details": "Подробности",
    "disabled": "Выключен",
    "discard-changes": "Отменить изменения",
    "edit": "Редактировать",
    "edit-field": "Редактировать поле",
    "edit-note": "Редактировать заметку",
    "enabled": "Включен",
    "expand-entries": "Развернуть записи",
    "extension-running-in-separate-window": "Расширение работает в отдельном окне",
    "filter": "Фильтр",
    "force-delete": "",
    "force-remove": "",
    "general": "",
    "guest": "Гость",
    "items-per-page-option": "{ count } на странице",
    "items-selected-count": "",
    "keep-editing": "",
    "language": "Язык",
    "launch-extension": "Запуск расширения",
    "live-update": "Обновление в режиме реального времени",
    "locale": "",
    "log-out": "Выйти",
    "login": "Войти",
    "manage-tags": "Управление тегами",
    "manage-tags-description": "Обновление или удаление тегов глобально.",
    "medium-date": "",
    "more": "Больше...",
    "name": "Имя",
    "no-bulk-actions-available": "",
    "no-results": "Нет результатов",
    "not-applicable": "",
    "not-set": "Не задано",
    "notify-bulk-update-success": "",
    "notify-create-error": "Ошибка, не удалось создать { entity }",
    "notify-create-success": "Создано новое { entity }",
    "notify-delete-error": "Ошибка, не удалось удалить { entity }",
    "notify-delete-success": "Удалено { entity }",
    "notify-remove-products-from-channel-success": "",
    "notify-save-changes-error": "Произошла ошибка, не удалось сохранить изменения",
    "notify-saved-changes": "Сохранены изменения",
    "notify-update-error": "Произошла ошибка, не удалось обновить { entity }",
    "notify-update-success": "Обновлено { entity }",
    "notify-updated-tags-success": "Успешно обновлены теги",
    "okay": "",
    "open": "Открыть",
    "password": "Пароль",
    "price": "Цена",
    "price-with-tax": "Цена с налогом",
    "private": "Служебная",
    "public": "Публичная",
    "remember-me": "Запомнить меня",
    "remove": "Удалить",
    "remove-item-from-list": "Удалить позицию из списка",
    "results-count": "{ count } {count, plural, one {результат} other {результатов}}",
    "sample-formatting": "",
    "select": "Выбрать...",
    "select-display-language": "Выберите язык отображения",
    "select-items-with-count": "",
    "select-products": "",
    "select-relation-id": "",
    "select-today": "Выберите сегодня",
    "select-variants": "",
    "set-language": "",
    "short-date": "",
    "tags": "Теги",
    "theme": "Тема",
    "there-are-unsaved-changes": "Есть несохраненные изменения. Если вы выйдете, эти изменения будут потеряны.",
    "toggle-all": "Переключить все",
    "total-items": "{currentStart} - {currentEnd} из {totalItems}",
    "update": "Обновить",
    "updated-at": "Обновлено в",
    "username": "Имя пользователя",
    "view-next-month": "Посмотреть следующий месяц",
    "view-previous-month": "Посмотреть предыдущий месяц",
    "with-selected": "С выбранным..."
  },
  "customer": {
    "add-customer-to-group": "Добавить клиента в группу",
    "add-customer-to-groups-with-count": "Добавить клиента в {count, plural, one {1 группу} other {{count} групп}}",
    "add-customers-to-group": "Добавить клиентов в группу",
    "add-customers-to-group-success": "Добавлен {customerCount, plural, one {1 клиент} other {{customerCount} клиентов}} в \"{ groupName }\"",
    "add-customers-to-group-with-count": "Добавить {count, plural, one {1 клиента} other {{count} клиентов}}",
    "add-customers-to-group-with-name": "Добавить клиентов в \"{ groupName }\"",
    "addresses": "Адреса",
    "city": "Город",
    "company": "",
    "confirm-delete-customer-group": "Удалить группу клиентов?",
    "confirm-remove-customer-from-group": "Удалить клиента из группы?",
    "country": "Страна",
    "create-customer-group": "Создать группу клиентов",
    "create-new-address": "Создать новый адрес",
    "create-new-customer": "Создать нового клиента",
    "create-new-customer-group": "Создать новую группу клиентов",
    "customer-groups": "Группы клиентов",
    "customer-history": "История изменения клиентов",
    "customer-type": "Тип клиента",
    "default-billing-address": "Биллинг по умолчанию",
    "default-shipping-address": "Доставка по умолчанию",
    "email-address": "Адрес электронной почты",
    "email-verification-sent": "Письмо-подтверждение было отправлено { emailAddress }",
    "first-name": "Имя",
    "full-name": "ФИО",
    "guest": "Гость",
    "history-customer-added-to-group": "Клиент добавлен в группу \"{ groupName }\"",
    "history-customer-address-created": "Адрес создан",
    "history-customer-address-deleted": "Адрес удален",
    "history-customer-address-updated": "Адрес обновлен",
    "history-customer-detail-updated": "Данные о клиенте обновлены",
    "history-customer-email-update-requested": "Запрошено обновление адреса электронной почты",
    "history-customer-email-update-verified": "Обновление адреса электронной почты подтверждено",
    "history-customer-password-reset-requested": "Запрошен сброс пароля",
    "history-customer-password-reset-verified": "Сброс пароля подтвержден",
    "history-customer-password-updated": "Пароль обновлен",
    "history-customer-registered": "Заказчик зарегистрирован",
    "history-customer-removed-from-group": "Клиент удален из группы \"{ groupName }\"",
    "history-customer-verified": "Клиент подтвержден",
    "history-using-external-auth-strategy": "использование { strategy }",
    "history-using-native-auth-strategy": "используя адрес электронной почты",
    "last-login": "Последний вход",
    "last-name": "Фамилия",
    "name": "Имя",
    "new-email-address": "Новый адрес электронной почты",
    "no-orders-placed": "Заказы не размещены",
    "not-a-member-of-any-groups": "Этот клиент не состоит ни в одной группе",
    "old-email-address": "Старый адрес электронной почты",
    "orders": "Заказы",
    "password": "Пароль",
    "phone-number": "Телефонный номер",
    "postal-code": "Почтовый индекс",
    "province": "Регион",
    "registered": "Зарегистрировано",
    "remove-customers-from-group-success": "Удален {customerCount, plural, one {1 клиент} other {{customerCount} клиентов}} из \"{ groupName }\"",
    "remove-from-group": "Удалить из этой группы",
    "search-by-group-name": "Искать по фразе",
    "search-customers-by-email": "Поиск по адресу электронной почты",
    "search-customers-by-email-last-name-postal-code": "",
    "select-customer": "Выберите клиента",
    "set-as-default-billing-address": "Установить как биллинг по умолчанию",
    "set-as-default-shipping-address": "Установить как доставку по умолчанию",
    "street-line-1": "Улица, строка 1",
    "street-line-2": "Улица, строка 2",
    "title": "Заголовок",
    "update-customer-group": "Обновить группу клиентов",
    "verified": "Проверено",
    "view-group-members": "Просмотреть участников группы"
  },
  "dashboard": {
    "add-widget": "Добавить виджет",
    "latest-orders": "Последние заказы",
    "orders-summary": "Сводка заказов",
    "remove-widget": "Удалить виджет",
    "thisMonth": "Этот месяц",
    "thisWeek": "Эта неделя",
    "today": "Сегодня",
    "total-order-value": "Общая стоимость",
    "total-orders": "Всего заказов",
    "widget-resize": "Изменить размер",
    "widget-width": "Ширина: {width}",
    "yesterday": "Вчера"
  },
  "datetime": {
    "ago-days": "{count, plural, one {1 день} other {{count} дней}} тому",
    "ago-hours": "{count, plural, one {1 час} other {{count} часов}} тому",
    "ago-minutes": "{count, plural, one {1 минуту} other {{count} минут}} тому",
    "ago-seconds": "{count, plural, =0 {прямо сейчас} one {1 секунду тому} other {{count} секунд тому}}",
    "ago-years": "{count, plural, one {1 год} other {{count} лет}} тому",
    "duration-milliseconds": "{ms}мс",
    "duration-minutes:seconds": "{m}:{s}мин",
    "duration-seconds": "{s}сек",
    "month-apr": "Апрель",
    "month-aug": "Август",
    "month-dec": "Декабрь",
    "month-feb": "Февраль",
    "month-jan": "Январь",
    "month-jul": "Июль",
    "month-jun": "Июнь",
    "month-mar": "Март",
    "month-may": "Май",
    "month-nov": "Ноябрь",
    "month-oct": "Октябрь",
    "month-sep": "Сентябрь",
    "time": "Время",
    "weekday-fr": "Пт",
    "weekday-mo": "Пн",
    "weekday-sa": "Сб",
    "weekday-su": "Вс",
    "weekday-th": "Чт",
    "weekday-tu": "Вт",
    "weekday-we": "Ср"
  },
  "editor": {
    "image-alt": "Описание (alt)",
    "image-src": "Источник",
    "image-title": "Заголовок",
    "insert-image": "Вставить изображение",
    "link-href": "Ссылка",
    "link-title": "Заголовок ссылки",
    "remove-link": "Удалять",
    "set-link": "Установить ссылку"
  },
  "error": {
    "403-forbidden": "В настоящее время у вас нет прав доступа \"{ path }\". Либо у вас нет разрешений на просмотр, либо срок вашего сеанса истек.",
    "could-not-connect-to-server": "Не удалось подключиться к серверу Vendure на { url }",
    "facet-value-form-values-do-not-match": "Количество значений в форме тегов не соответствует фактическому количеству значений.",
    "health-check-failed": "Ошибка проверки работоспособности системы",
    "no-default-shipping-zone-set": "Этот канал не имеет зоны доставки по умолчанию. Это может вызвать ошибки при расчете стоимости доставки заказа.",
    "no-default-tax-zone-set": "Этот канал не имеет налоговой зоны по умолчанию, что приведет к ошибкам при расчете цен. Пожалуйста, создайте или выберите зону.",
    "product-variant-form-values-do-not-match": "Количество вариантов в форме товара не соответствует фактическому количеству вариантов"
  },
  "marketing": {
    "actions": "Действия",
    "add-action": "Добавить действие",
    "add-condition": "Добавить условие",
    "conditions": "Условия",
    "coupon-code": "Код купона",
    "create-new-promotion": "Создать новую акцию",
    "ends-at": "Заканчивается в",
    "per-customer-limit": "Лимит на клиента",
    "search-by-coupon-code": "Поиск по коду купона",
    "search-by-name": "Поиск по имени",
    "starts-at": "Начинается в"
  },
  "nav": {
    "administrators": "Администраторы",
    "assets": "Ресурсы",
    "catalog": "Каталог",
    "channels": "Каналы",
    "collections": "Коллекции",
    "countries": "Страны",
    "customer-groups": "Группы клиентов",
    "customers": "Клиенты",
    "facets": "Теги",
    "global-settings": "Глобальные настройки",
    "job-queue": "Очередь заданий",
    "marketing": "Маркетинг",
    "orders": "Заказы",
    "payment-methods": "Способы оплаты",
    "products": "Товары",
    "promotions": "Промо-акции",
    "roles": "Роли",
    "sales": "Продажи",
    "settings": "Настройки",
    "shipping-methods": "Способы доставки",
    "system": "Система",
    "system-status": "Состояние системы",
    "tax-categories": "Категории налогов",
    "tax-rates": "Налоговые ставки",
    "zones": "Зоны"
  },
  "order": {
    "add-item-to-order": "Добавить позицию в заказ",
    "add-note": "Добавить заметку",
    "add-payment": "Добавить платеж",
    "add-payment-to-order": "Добавить оплату в заказ",
    "add-payment-to-order-success": "Платеж успешно добавлен в заказ",
    "add-surcharge": "Добавить доплату",
    "added-items": "Добавленные позиции",
    "amount": "Количество",
    "apply-filters": "Применить фильтры",
    "arrange-additional-payment": "Организовать доплату",
    "billing-address": "Платежный адрес",
    "cancel": "Отмена",
    "cancel-entire-order": "",
    "cancel-fulfillment": "Отменить выполнение",
    "cancel-modification": "Отменить изменение",
    "cancel-order": "Отменить заказ",
    "cancel-payment": "Отменить платеж",
    "cancel-reason-customer-request": "Запрос клиента",
    "cancel-reason-not-available": "Недоступен",
    "cancel-selected-items": "Отменить выбранные позиции",
    "cancel-specified-items": "",
    "cancellation-reason": "Причина отмены",
    "cancelled-order-success": "Успешно отмененный заказ",
    "complete-draft-order": "",
    "confirm-modifications": "Подтвердите изменения",
    "contents": "Содержимое",
    "create-fulfillment": "Создать выполнение",
    "create-fulfillment-success": "Созданное выполнение",
    "customer": "Клиент",
    "delete-draft-order": "",
    "edit-billing-address": "Изменить платежный адрес",
    "edit-shipping-address": "Изменить адрес доставки",
    "error-message": "Сообщение об ошибке",
    "existing-address": "",
    "existing-customer": "",
    "filter-custom": "Под заказ",
    "filter-preset-active": "Активные",
    "filter-preset-completed": "Завершенные",
    "filter-preset-draft": "",
    "filter-preset-open": "Открытые",
    "filter-preset-shipped": "Отправленные",
    "fulfill": "Выполнить",
    "fulfill-order": "Выполнить заказ",
    "fulfillment": "Выполнение",
    "fulfillment-method": "Метод выполнения",
    "history-coupon-code-applied": "Код купона применен",
    "history-coupon-code-removed": "Код купона удален",
    "history-fulfillment-created": "Выполнение создано",
    "history-fulfillment-delivered": "Выполнение доставлено",
    "history-fulfillment-shipped": "Выполнение отправлено",
    "history-fulfillment-transition": "Выполнение перешло с {from} в {to}",
    "history-items-cancelled": "{count} {count, plural, one {позиция} other {позиций}} отменено",
    "history-order-cancelled": "Заказ отменен",
    "history-order-created": "Заказ создан",
    "history-order-fulfilled": "Заказ выполнен",
    "history-order-modified": "Заказ изменен",
    "history-order-transition": "Заказ перешел из {from} в {to}",
    "history-payment-settled": "Оплата проведена",
    "history-payment-transition": "Платеж #{id} перенесен с {from} на {to}",
    "history-refund-transition": "Возврат #{id} перешел из {from} на {to}",
    "item-count": "{count} {count, plural, one {позиция} other {позиций}}",
    "line-fulfillment-all": "Все позиции выполнены",
    "line-fulfillment-none": "Нет выполненных позиций",
    "line-fulfillment-partial": "{ count } из { total } выполненных позиций",
    "manually-transition-to-state": "Переход в состояние вручную...",
    "manually-transition-to-state-message": "Вручную переведите заказ в другое состояние. Обратите внимание, что порядок состояний регулируются правилами, которые могут предотвратить определенные переходы.",
    "modification-adding-items": "Добавление {count} {count, plural, one {позиция} other {позиций}}",
    "modification-adding-surcharges": "Добавление {count} {count, plural, one {доплаты} other {доплат}}",
    "modification-adjusting-lines": "Регулировка {count} {count, plural, one {линии} other {линий}}",
    "modification-not-settled": "Не урегулировано",
    "modification-recalculate-shipping": "Пересчитать доставку",
    "modification-settled": "Урегулировано",
    "modification-summary": "Сводка модификаций",
    "modification-updating-billing-address": "Обновление платежного адреса",
    "modification-updating-shipping-address": "Обновление адреса доставки",
    "modifications": "Модификации",
    "modify-order": "Изменить порядок",
    "modify-order-price-difference": "Разница в цене",
    "net-price": "Цена нетто",
    "note": "Примечание",
    "note-is-private": "Заметка является служебной",
    "note-only-visible-to-administrators": "Доступно только администраторам",
    "note-visible-to-customer": "Доступно администраторам и клиентам",
    "order-history": "История заказов",
    "order-state-diagram": "Диаграмма состояния заказа",
    "payment": "Оплата",
    "payment-amount": "Сумма к оплате",
    "payment-metadata": "Метаданные платежа",
    "payment-method": "Способ оплаты",
    "payment-state": "Состояние",
    "payment-to-refund": "Платеж к возврату",
    "placed-at": "Размещено в",
    "placed-at-end": "Размещено в - до",
    "placed-at-start": "Размещено в - от",
    "preview-changes": "Предварительный просмотр изменений",
    "product-name": "Наименование товара",
    "product-sku": "SKU",
    "promotions-applied": "Примененные промоакции",
    "prorated-unit-price": "Пропорциональная цена за единицу",
    "quantity": "Количество",
    "refund": "Возврат",
    "refund-adjustment": "Корректирование",
    "refund-and-cancel-order": "Возврат и отмена заказа",
    "refund-cancellation-reason": "Причина возврата / отмены",
    "refund-cancellation-reason-required": "Укажите причину возврата / отмены",
    "refund-metadata": "Метаданные возврата",
    "refund-order-failed": "Ошибка возврата средств",
    "refund-order-success": "Заказ успешно возвращен",
    "refund-reason": "Причина возврата",
    "refund-reason-customer-request": "Запрос клиента",
    "refund-reason-not-available": "Недоступен",
    "refund-shipping": "Возврат стоимости доставки",
    "refund-total": "Общая сумма возврата",
    "refund-total-error": "Общая сумма возврата должна быть в пределах {min} и {max}",
    "refund-total-warning": "Общая сумма возврата превышает выбранную сумму платежа. Оставшаяся сумма возврата будет возвращена из других платежей.",
    "refund-with-amount": "Возврат {amount}",
    "refunded-count": "{count} {count, plural, one {позиция} other {позиций}} возвращен",
    "removed-items": "Удаленные позиции",
    "search-by-order-filters": "Поиск по фамилии клиента / коду заказа / ID транзакции",
    "select-address": "",
    "select-shipping-method": "",
    "select-state": "Выберите состояние",
    "set-billing-address": "",
    "set-coupon-codes": "",
    "set-customer-for-order": "",
    "set-fulfillment-state": "Отметить как {state}",
    "set-shipping-address": "",
    "set-shipping-method": "",
    "settle-payment": "Расчет платежа",
    "settle-payment-error": "Не удалось провести оплату",
    "settle-payment-success": "Успешно проведенный платеж",
    "settle-refund": "Возврат платежа",
    "settle-refund-manual-instructions": "После ручного возмещения через вашего платежного провайдера ({method}), введите здесь идентификатор транзакции.",
    "settle-refund-success": "Возврат успешно осуществлен",
    "shipping": "Доставка",
    "shipping-address": "Адрес доставки",
    "shipping-cancelled": "",
    "shipping-method": "Способ доставки",
    "state": "Состояние",
    "sub-total": "Промежуточный итог",
    "successfully-updated-fulfillment": "Успешно обновлено выполнение",
    "surcharges": "Доплаты",
    "tax-base": "База налогообложения",
    "tax-description": "Описание налога",
    "tax-rate": "Ставка налога",
    "tax-summary": "Налоговая сводка",
    "tax-total": "Итого налога",
    "total": "Всего",
    "tracking-code": "Код отслеживания",
    "transaction-id": "ID транзакции",
    "transition-to-state": "Переход в состояние {state}",
    "transitioned-payment-to-state-success": "Платеж успешно переведен на { state }",
    "transitioned-to-state-success": "Успешно перешел на { state }",
    "unable-to-transition-to-state-try-another": "Заказ не может быть переведен обратно на \"{state}\" состояние. Пожалуйста, выберите альтернативное состояние.",
    "unfulfilled": "Невыполненный",
    "unit-price": "Цена за единицу"
  },
  "settings": {
    "add-countries-to-zone": "Добавить страны в { zoneName }",
    "add-countries-to-zone-success": "Добавлено { countryCount } {countryCount, plural, one {страна} other {стран}} в зону \"{ zoneName }\"",
    "add-products-to-test-order": "Добавить товары в тестовый заказ",
    "channel": "Канал",
    "channel-token": "Токен канала",
    "confirm-delete-payment-method": "Удалить способ оплаты?",
    "confirm-delete-role": "Удалить роль?",
    "confirm-delete-tax-category": "Удалить налоговую категорию?",
    "confirm-delete-tax-rate": "Удалить налоговую ставку?",
    "create-new-channel": "Создать новый канал",
    "create-new-country": "Создать новую страну",
    "create-new-payment-method": "Создать новый способ оплаты",
    "create-new-role": "Создать новую роль",
    "create-new-shipping-method": "Создать новый способ доставки",
    "create-new-tax-category": "Создать новую налоговую категорию",
    "create-new-tax-rate": "Создать новую налоговую ставку",
    "create-new-zone": "Создать новую зону",
    "create-zone": "Создать зону",
    "currency": "Валюта",
    "default-role-label": "Это роль по умолчанию, которую невозможно изменить.",
    "default-shipping-zone": "Зона доставки по умолчанию",
    "default-tax-zone": "Налоговая зона по умолчанию",
    "eligible": "Имеющий право",
    "email-address": "Адрес электронной почты",
    "filter-by-member-name": "Фильтровать по стране",
    "first-name": "Имя",
    "fulfillment-handler": "Обработчик выполнения",
    "global-out-of-stock-threshold": "Глобальный порог отсутствия на складе",
    "global-out-of-stock-threshold-tooltip": "Устанавливает уровень запаса, при котором этот вариант считается отсутствующим. Использование отрицательного значения включает поддержку отложенного заказа. Может быть отменено вариантами товара.",
    "last-name": "Фамилия",
    "no-eligible-shipping-methods": "Нет подходящих способов доставки",
    "password": "Пароль",
    "payment-eligibility-checker": "Контролер приемлемости оплаты",
    "payment-handler": "Обработчик платежей",
    "permissions": "Разрешения",
    "prices-include-tax": "Цены включают налог для зоны по умолчанию",
    "profile": "Профиль",
    "rate": "Показатель",
    "remove-countries-from-zone-success": "Удалить { countryCount } {countryCount, plural, one {страна} other {стран}} из зоны \"{ zoneName }\"",
    "remove-from-zone": "Удалить из зоны",
    "roles": "Роли",
    "search-by-product-name-or-sku": "Поиск по названию товара или артикулу",
    "search-country-by-name": "Поиск страны по названию",
    "shipping-calculator": "Калькулятор доставки",
    "shipping-eligibility-checker": "Контролер приемлемости доставки",
    "shipping-method": "Способ доставки",
    "tax-category": "Налоговая категория",
    "tax-rate": "Ставка налога",
    "test-address": "Тестовый адрес",
    "test-order": "Тестовый заказ",
    "test-result": "Результат теста",
    "test-shipping-method": "Тестовый способ доставки",
    "test-shipping-methods": "Способы тестовой доставки",
    "track-inventory-default": "По умолчанию отслеживать инвентаризацию",
    "update-zone": "Обновление зоны",
    "view-zone-members": "Просмотреть участников",
    "zone": "Зона"
  },
  "state": {
    "adding-items": "Добавление позиций",
    "all-orders": "Все состояния заказа",
    "arranging-additional-payment": "Организация дополнительной оплаты",
    "arranging-payment": "Организация оплаты",
    "authorized": "Авторизовано",
    "cancelled": "Отменено",
    "created": "Создано",
    "declined": "Отклонено",
    "delivered": "Доставлено",
    "draft": "",
    "error": "Ошибка",
    "failed": "Неудачно",
    "modifying": "Изменение",
    "partially-delivered": "Частично доставлено",
    "partially-shipped": "Частично отправлено",
    "payment-authorized": "Оплата авторизована",
    "payment-settled": "Оплата проведена",
    "pending": "В ожидании",
    "settled": "Проведено",
    "shipped": "Отправлено"
  },
  "system": {
    "all-job-queues": "Все очереди заданий",
    "health-all-systems-up": "Все системы включены",
    "health-error": "Ошибка: одна или несколько систем не работают!",
    "health-last-checked": "Последний раз проверено",
    "health-message": "Сообщение",
    "health-refresh": "Обновить",
    "health-status": "Статус",
    "health-status-down": "Отключено",
    "health-status-up": "Подключено",
    "hide-settled-jobs": "Скрыть выбранное задание",
    "job-data": "Данные задания",
    "job-duration": "Продолжительность",
    "job-error": "Ошибка задания",
    "job-queue-name": "Имя очереди",
    "job-result": "Результат задания",
    "job-state": "Состояние задания"
  }
}
