{
  "admin": {
    "create-new-administrator": "Створити нового адміністратора",
    "search-administrator":"Пошук за ім'ям / прізвищем / електронною поштою"
  },
  "asset": {
    "add-asset": "Додати медіа-об'єкт",
    "add-asset-with-count": "Додати {count, plural, 0 {медіа-об'єктів} one {1 медіа-об'єкт} other {{count} медіа-об'єктів}}",
    "assets-selected-count": "Вибрано { count } медіа-об'єктів",
    "dimensions": "Розміри",
    "focal-point": "Точка фокусу",
    "notify-create-assets-success": "Створено {count, plural, one {новий медіа-об'єкт} other {{count} нових медіа-об'єктів}}",
    "original-asset-size": "Размер медіа-об'єкта",
    "preview": "Попередній перегляд",
    "remove-asset": "Видалити медіа-об'єкт",
    "select-asset": "Вибрати медіа-об'єкт",
    "select-assets": "Вибрати медіа-об'єкты",
    "set-as-featured-asset": "Встановити як обраний медіа-об'єкт",
    "set-focal-point": "Встановити точку фокусу",
    "source-file": "Початковий файл",
    "unset-focal-point": "Видалити точку фокусу",
    "update-focal-point": "Оновити точку фокусу",
    "update-focal-point-error": "Не вдалося оновити координати точки фокусу",
    "update-focal-point-success": "Точка фокусу була успішно оновлена",
    "upload-assets": "Завантажити медіа-об'єкти",
    "uploading": "Завантаження..."
  },
  "breadcrumb": {
    "administrators": "Адміністратори",
    "assets": "Медіа-об'єкти",
    "channels": "Канали",
    "collections": "Колекції",
    "countries": "Країни",
    "customer-groups": "Групи клієнтів",
    "customers": "Клієнти",
    "dashboard": "Дашборд",
    "facets": "Теги",
    "global-settings": "Глобальні налаштування",
    "job-queue": "Черга завдань",
    "manage-variants": "Управління варіантами",
    "modifying": "Зміна",
    "orders": "Замовлення",
    "payment-methods": "Способи оплати",
    "product-options": "",
    "products": "Товари",
    "profile": "Профіль",
    "promotions": "Акції",
    "roles": "Ролі",
    "shipping-methods": "Способи доставки",
    "system-status": "Стан системи",
    "tax-categories": "Категорії податків",
    "tax-rates": "Податкові ставки",
    "zones": "Зони"
  },
  "catalog": {
    "add-facet-value": "Додати значення тегу",
    "add-facets": "Додати тег",
    "add-option": "Додати опцію",
    "asset-preview-links": "",
    "assign-collections-to-channel-success": "",
    "assign-facets-to-channel-success": "",
    "assign-product-to-channel-success": "Товар успішно доданий в канал \"{ channel }\"",
    "assign-products-to-channel": "Додати товари в канал",
    "assign-to-channel": "Додати в канал",
    "assign-to-named-channel": "Додати для { channelCode }",
    "assign-variant-to-channel-success": "Варіант товару успішно доданий в канал \"{ channel }\"",
    "assign-variants-to-channel": "Додати варіанти товару в канал",
    "auto-update-option-variant-name": "Автоматично оновлювати назви варіантів товару, використовуючи цю опцію",
    "auto-update-product-variant-name": "Автоматично оновлювати назви варіантів товару",
    "channel-price-preview": "Попередній перегляд цін каналу",
    "collection-contents": "Зміст колекції",
    "confirm-bulk-delete-collections": "",
    "confirm-bulk-delete-facets": "",
    "confirm-bulk-delete-products": "",
    "confirm-cancel": "",
    "confirm-delete-administrator": "Видалити адміністратора?",
    "confirm-delete-assets": "Видалити {count} {count, plural, one {медіа-об'єкт} other {медіа-об'єктів}}?",
    "confirm-delete-channel": "Видалити канал?",
    "confirm-delete-collection": "Видалити колекцію?",
    "confirm-delete-collection-and-children-body": "Видалення цієї колекції також призведе до видалення всіх дочірніх колекцій.",
    "confirm-delete-country": "Видалити країну?",
    "confirm-delete-customer": "Видалити клієнта?",
    "confirm-delete-facet": "Видалити тег?",
    "confirm-delete-facet-value": "Видалити значення тегу?",
    "confirm-delete-product": "Видалити товар?",
    "confirm-delete-product-option": "",
    "confirm-delete-product-option-group": "",
    "confirm-delete-product-variant": "Видалити варіант товару?",
    "confirm-delete-promotion": "Видалити промо-акцію?",
    "confirm-delete-shipping-method": "Видалити спосіб доставки?",
    "confirm-delete-zone": "Видалити зону?",
    "confirm-deletion-of-unused-variants-body": "Наступні варіанти товару застаріли через додавання нових опцій. Вони будуть видалені під час створення нових варіантів товару.",
    "confirm-deletion-of-unused-variants-title": "Видалити застарілі варіанти товару?",
    "create-draft-order": "",
    "create-new-collection": "Створити нову колекцію",
    "create-new-facet": "Створити новий тег",
    "create-new-product": "Створити новий товар",
    "created-new-variants-success": "Успішно створено {count} новий {count, plural, one {варіант} other {варіантів}}",
    "default-variant": "Варіант товару за замовчуванням",
    "display-variant-cards": "Перегляд карток варіантів",
    "display-variant-table": "Перегляд у вигляді таблиці",
    "drop-files-to-upload": "Перетягніть файли для завантаження",
    "duplicate-sku-warning": "Переконайтесь, що всі артикули (SKU) унікальні",
    "edit-facet-values": "",
    "edit-options": "",
    "expand-all-collections": "Розгорнути всі колекції",
    "facet-value-not-available": "",
    "facet-values": "Значення тегу",
    "filter-by-name": "Фільтр по імені",
    "filter-by-name-or-sku": "Фільтр по імені або артикулу (SKU)",
    "filters": "Фільтри",
    "group-by-product": "Групувати по товару",
    "live-preview-contents": "",
    "manage-variants": "Управління варіантами",
    "move-down": "Рухати вниз",
    "move-to": "Рухати до",
    "move-up": "Рухати вгору",
    "no-channel-selected": "Канал не вибрано",
    "no-featured-asset": "Немає обраного медіа-об'єкта",
    "no-selection": "Не вибрано",
    "notify-bulk-delete-collections-success": "",
    "notify-bulk-delete-facets-success": "",
    "notify-bulk-delete-products-success": "",
    "notify-remove-collections-from-channel-success": "",
    "notify-remove-facets-from-channel-success": "",
    "notify-remove-product-from-channel-error": "Не вдалося видалити товар з каналу",
    "notify-remove-product-from-channel-success": "Товар успішно видалений з каналу",
    "notify-remove-variant-from-channel-error": "Не вдалося видалити варіант товару з каналу",
    "notify-remove-variant-from-channel-success": "Варіант товару успішно видалений з каналу",
    "option": "Опції",
    "option-name": "Ім'я опції",
    "option-values": "Значення опції",
    "out-of-stock-threshold": "Поріг «немає в наявності»",
    "out-of-stock-threshold-tooltip": "Встановіть поріг залишків на складі, після якого буде вважатися, що варіанту товару немає в наявності. При використанні від'ємного значення порога, включається підтримка попереднього замовлення.",
    "pending-search-index-updates": "",
    "price": "Ціна",
    "price-conversion-factor": "Коефіцієнт перерахунку ціни",
    "price-in-channel": "Ціна в { channel }",
    "price-includes-tax-at": "Включає податок в { rate }%",
    "price-with-tax-in-default-zone": "Вкл. { rate }% податок: { price }",
    "private": "Приватний",
    "product-details": "Інформація про товар",
    "product-name": "Ім'я товару",
    "product-variants": "Варіант товару",
    "public": "Публічний",
    "rebuild-search-index": "Перебудувати пошуковий індекс",
    "reindex-error": "Помилка при перебудові індексу пошуку",
    "reindex-successful": "Проіндексовано {count, plural, one {варіант товару} other {{count} варіантів товару}} за {time}мс",
    "reindexing": "Перебудова пошукового індексу",
    "remove-from-channel": "Видалити з каналу",
    "remove-option": "Видалити опції",
    "remove-product-from-channel": "Видалити товар з каналу",
    "remove-product-variant-from-channel": "Видалити варіант товару з каналу",
    "root-collection": "",
    "run-pending-search-index-updates": "",
    "running-search-index-updates": "",
    "search-asset-name-or-tag": "Пошук за назвою медіа-об'єкта або тегами",
    "search-for-term": "Шукати по фразі",
    "search-index-controls": "",
    "search-product-name-or-code": "Пошук за назвою товару або кодом",
    "select-product": "Вибрати товар",
    "select-product-variant": "Виберіть варіант товару",
    "sku": "Артикул",
    "slug": "Код",
    "slug-pattern-error": "Код заданий некоректно",
    "stock-allocated": "Зарезервовано",
    "stock-allocated-tooltip": "Кількість одиниць, зарезервованих для замовлень, які були розміщені, але ще не виконані.",
    "stock-on-hand": "На складі",
    "stock-on-hand-tooltip": "Кількість на складі - кількість фізичних одиниць, наявних на складі.",
    "stock-saleable": "Доступно для продажу",
    "stock-saleable-tooltip": "Кількість одиниць, доступних для продажу з урахуванням порогового значення відсутності на складі",
    "tax-category": "Податкова категорія",
    "taxes": "Податки",
    "track-inventory": "Відстежувати інвентаризацію",
    "track-inventory-false": "Не відстежувати",
    "track-inventory-inherit": "Наслідувати від глобальних налаштувань",
    "track-inventory-tooltip": "При відстеженні, рівні запасу варіантів товару будуть автоматично коригуватися при продажу.",
    "track-inventory-true": "Відстежувати",
    "update-product-option": "Оновити варіант товару",
    "use-global-value": "Використовувати глобальне значення",
    "values": "Значення",
    "variant": "Варіант",
    "view-contents": "Перегляд вмісту",
    "visibility": "Видимість"
  },
  "common": {
    "ID": "ID",
    "actions": "Дії",
    "add-item-to-list": "Додати позицію в список",
    "add-new-variants": "Додати {count, plural, one {1 варіант} other {{count} варіантів}}",
    "add-note": "Додати замітку",
    "available-languages": "Доступні мови",
    "boolean-and": "",
    "boolean-or": "",
    "browser-default": "",
    "cancel": "Скасування",
    "cancel-navigation": "Скасувати навігацію",
    "change-selection": "Змінити вибір",
    "channel": "Канал",
    "channels": "Канали",
    "clear-selection": "",
    "close": "Закрити",
    "code": "Код",
    "collapse-entries": "Згорнути записи",
    "confirm": "Підтверджувати",
    "confirm-delete-note": "Видалити замітку?",
    "confirm-navigation": "Підтвердіть навігацію",
    "create": "Створити",
    "created-at": "Створено в",
    "custom-fields": "Настроювані поля",
    "default-channel": "Канал за замовчуванням",
    "default-language": "Мова за замовчуванням",
    "default-tax-category": "Категорія податку за замовчуванням",
    "delete": "Видалити",
    "description": "Опис",
    "details": "Подробиці",
    "disabled": "Виключений",
    "discard-changes": "Скасувати зміни",
    "edit": "Редагувати",
    "edit-field": "Редагувати поле",
    "edit-note": "Редагувати замітку",
    "enabled": "Включений",
    "expand-entries": "Розгорнути записи",
    "extension-running-in-separate-window": "Розширення працює в окремому вікні",
    "filter": "Фільтр",
    "force-delete": "",
    "force-remove": "",
    "general": "",
    "guest": "Гість",
    "items-per-page-option": "{ count } на сторінці",
    "items-selected-count": "",
    "keep-editing": "",
    "language": "Мова",
    "launch-extension": "Запуск розширення",
    "live-update": "Оновлення в режимі реального часу",
    "locale": "",
    "log-out": "Вийти",
    "login": "Увійти",
    "manage-tags": "Керування тегами",
    "manage-tags-description": "Оновлення або видалення тегів глобально.",
    "medium-date": "",
    "more": "Більше...",
    "name": "Ім'я",
    "no-bulk-actions-available": "",
    "no-results": "Немає результатів",
    "not-applicable": "",
    "not-set": "Не задано",
    "notify-bulk-update-success": "",
    "notify-create-error": "Помилка, не вдалося створити { entity }",
    "notify-create-success": "Створено нове { entity }",
    "notify-delete-error": "Помилка, не вдалося видалити { entity }",
    "notify-delete-success": "Видалено { entity }",
    "notify-remove-products-from-channel-success": "",
    "notify-save-changes-error": "Сталася помилка, не вдалося зберегти зміни",
    "notify-saved-changes": "Збережені зміни",
    "notify-update-error": "Сталася помилка, не вдалося оновити { entity }",
    "notify-update-success": "Оновлено { entity }",
    "notify-updated-tags-success": "Успішно оновлені теги",
    "okay": "",
    "open": "Відкрити",
    "password": "Пароль",
    "price": "Ціна",
    "price-with-tax": "Ціна з податком",
    "private": "Службова",
    "public": "Публічна",
    "remember-me": "Запам'ятати мене",
    "remove": "Видалити",
    "remove-item-from-list": "Видалити позицію зі списку",
    "results-count": "{ count } {count, plural, one {результат} other {результатів}}",
    "sample-formatting": "",
    "select": "Вибрати...",
    "select-display-language": "Виберіть мову відображення",
    "select-items-with-count": "",
    "select-products": "",
    "select-relation-id": "",
    "select-today": "Виберіть сьогодні",
    "select-variants": "",
    "set-language": "",
    "short-date": "",
    "tags": "Теги",
    "theme": "Тема",
    "there-are-unsaved-changes": "Є незбережені зміни. Якщо ви вийдете, ці зміни будуть втрачені.",
    "toggle-all": "Переключити все",
    "total-items": "{currentStart} - {currentEnd} з {totalItems}",
    "update": "Оновити",
    "updated-at": "Оновлено в",
    "username": "Ім'я користувача",
    "view-next-month": "Переглянути наступний місяць",
    "view-previous-month": "Переглянути попередній місяць",
    "with-selected": "З вибраним..."
  },
  "customer": {
    "add-customer-to-group": "Додати клієнта в групу",
    "add-customer-to-groups-with-count": "Додати клієнта в {count, plural, one {1 групу} other {{count} груп}}",
    "add-customers-to-group": "Додати клієнтів в групу",
    "add-customers-to-group-success": "Додано {customerCount, plural, one {1 клієнт} other {{customerCount} клієнтів}} в \"{ groupName }\"",
    "add-customers-to-group-with-count": "Додати {count, plural, one {1 клієнта} other {{count} клієнтів}}",
    "add-customers-to-group-with-name": "Додати клієнтів в \"{ groupName }\"",
    "addresses": "Адреси",
    "city": "Місто",
    "company": "",
    "confirm-delete-customer-group": "Видалити групу клієнтів?",
    "confirm-remove-customer-from-group": "Видалити клієнта з групи?",
    "country": "Країна",
    "create-customer-group": "Створити групу клієнтів",
    "create-new-address": "Створити нову адресу",
    "create-new-customer": "Створити нового клієнта",
    "create-new-customer-group": "Створити нову групу клієнтів",
    "customer-groups": "Групи клієнтів",
    "customer-history": "Історія зміни клієнтів",
    "customer-type": "Тип клієнта",
    "default-billing-address": "Білінг за замовчуванням",
    "default-shipping-address": "Доставка за замовчуванням",
    "email-address": "Адреса електронної пошти",
    "email-verification-sent": "Лист-підтвердження було відправлено { emailAddress }",
    "first-name": "Ім'я",
    "full-name": "ПІБ",
    "guest": "Гість",
    "history-customer-added-to-group": "Клієнт доданий до групи \"{ groupName }\"",
    "history-customer-address-created": "Адреса створена",
    "history-customer-address-deleted": "Адреса видалена",
    "history-customer-address-updated": "Адреса оновлена",
    "history-customer-detail-updated": "Дані про клієнта оновлені",
    "history-customer-email-update-requested": "Запитано оновлення адреси електронної пошти",
    "history-customer-email-update-verified": "Підтверджено оновлення адреси електронної пошти",
    "history-customer-password-reset-requested": "Запитано скидання пароля",
    "history-customer-password-reset-verified": "Підтверджено скидання пароля",
    "history-customer-password-updated": "Пароль оновлено",
    "history-customer-registered": "Замовник зареєстрований",
    "history-customer-removed-from-group": "Клієнт видалений з групи \"{ groupName }\"",
    "history-customer-verified": "Клієнт підтверджений",
    "history-using-external-auth-strategy": "використання { strategy }",
    "history-using-native-auth-strategy": "використовуючи адресу електронної пошти",
    "last-login": "Останній вхід",
    "last-name": "Прізвище",
    "name": "Ім'я",
    "new-email-address": "Нова адреса електронної пошти",
    "no-orders-placed": "Замовлення не розміщені",
    "not-a-member-of-any-groups": "Цей клієнт не перебуває в жодній групі",
    "old-email-address": "Стара адреса електронної пошти",
    "orders": "Замовлення",
    "password": "Пароль",
    "phone-number": "Телефонний номер",
    "postal-code": "Поштовий індекс",
    "province": "Регіон",
    "registered": "Зареєстровано",
    "remove-customers-from-group-success": "Видалено {customerCount, plural, one {1 клієнт} other {{customerCount} клієнтів}} из \"{ groupName }\"",
    "remove-from-group": "Вилучити з цієї групи",
    "search-by-group-name": "Шукати по фразі",
    "search-customers-by-email": "Пошук за адресою електронної пошти",
    "search-customers-by-email-last-name-postal-code": "",
    "select-customer": "Виберіть клієнта",
    "set-as-default-billing-address": "Встановити як білінг за замовчуванням",
    "set-as-default-shipping-address": "Встановити як доставку за замовчуванням",
    "street-line-1": "Вулиця, рядок 1",
    "street-line-2": "Вулиця, рядок 2",
    "title": "Заголовок",
    "update-customer-group": "Оновити групу клієнтів",
    "verified": "Перевірено",
    "view-group-members": "Переглянути учасників групи"
  },
  "dashboard": {
    "add-widget": "Додати віджет",
    "latest-orders": "Останні замовлення",
    "orders-summary": "Зведення замовлень",
    "remove-widget": "Видалити віджет",
    "thisMonth": "Цей місяць",
    "thisWeek": "Цей тиждень",
    "today": "Сьогодні",
    "total-order-value": "Загальна вартість",
    "total-orders": "Всього замовлень",
    "widget-resize": "Змінити розмір",
    "widget-width": "Ширина: {width}",
    "yesterday": "Вчора"
  },
  "datetime": {
    "ago-days": "{count, plural, one {1 день} other {{count} днів}} тому",
    "ago-hours": "{count, plural, one {1 годину} other {{count} годин}} тому",
    "ago-minutes": "{count, plural, one {1 хвилину} other {{count} хвилин}} тому",
    "ago-seconds": "{count, plural, =0 {прямо зараз} one {1 секунду тому} other {{count} секунд тому}}",
    "ago-years": "{count, plural, one {1 рік} other {{count} років}} тому",
    "duration-milliseconds": "{ms}мс",
    "duration-minutes:seconds": "{m}:{s}х",
    "duration-seconds": "{s}с",
    "month-apr": "Квітень",
    "month-aug": "Серпень",
    "month-dec": "Грудень",
    "month-feb": "Лютий",
    "month-jan": "Січень",
    "month-jul": "Липень",
    "month-jun": "Червень",
    "month-mar": "Березень",
    "month-may": "Травень",
    "month-nov": "Листопад",
    "month-oct": "Жовтень",
    "month-sep": "Вересень",
    "time": "Час",
    "weekday-fr": "Пт",
    "weekday-mo": "Пн",
    "weekday-sa": "Сб",
    "weekday-su": "Нд",
    "weekday-th": "Чт",
    "weekday-tu": "Вт",
    "weekday-we": "Ср"
  },
  "editor": {
    "image-alt": "Опис (alt)",
    "image-src": "Джерело",
    "image-title": "Заголовок",
    "insert-image": "Вставити зображення",
    "link-href": "Посилання",
    "link-title": "Заголовок посилання",
    "remove-link": "Удалить",
    "set-link": "Встановити посилання"
  },
  "error": {
    "403-forbidden": "В даний час у вас немає прав доступу \"{ path }\". Або у вас немає дозволів на перегляд, або термін вашого сеансу минув.",
    "could-not-connect-to-server": "Не вдалося підключитися до сервера Vendure на { url }",
    "facet-value-form-values-do-not-match": "Кількість значень у формі тегів не відповідає фактичній кількості значень.",
    "health-check-failed": "Помилка перевірки працездатності системи",
    "no-default-shipping-zone-set": "Цей канал не має зони доставки за замовчуванням. Це може викликати помилки при розрахунку вартості доставки замовлення.",
    "no-default-tax-zone-set": "Цей канал не має податкової зони за замовчуванням, що призведе до помилок при розрахунку цін. Будь ласка, створіть або виберіть зону.",
    "product-variant-form-values-do-not-match": "Кількість варіантів у формі товару не відповідає фактичній кількості варіантів"
  },
  "marketing": {
    "actions": "Дії",
    "add-action": "Додати дію",
    "add-condition": "Додати умову",
    "conditions": "Умови",
    "coupon-code": "Код купона",
    "create-new-promotion": "Створити нову акцію",
    "ends-at": "Закінчується в",
    "per-customer-limit": "Ліміт на клієнта",
    "search-by-coupon-code": "Пошук по коду купона",
    "search-by-name": "Пошук по імені",
    "starts-at": "Починається в"
  },
  "nav": {
    "administrators": "Адміністратори",
    "assets": "Ресурси",
    "catalog": "Каталог",
    "channels": "Канали",
    "collections": "Колекції",
    "countries": "Країни",
    "customer-groups": "Групи клієнтів",
    "customers": "Клієнти",
    "facets": "Теги",
    "global-settings": "Глобальні налаштування",
    "job-queue": "Черга завдань",
    "marketing": "Маркетинг",
    "orders": "Замовлення",
    "payment-methods": "Способи оплати",
    "products": "Товари",
    "promotions": "Промо-акції",
    "roles": "Ролі",
    "sales": "Продажі",
    "settings": "Налаштування",
    "shipping-methods": "Способи доставки",
    "system": "Система",
    "system-status": "Стан системи",
    "tax-categories": "Категорії податків",
    "tax-rates": "Податкові ставки",
    "zones": "Зони"
  },
  "order": {
    "add-item-to-order": "Додати позицію в замовлення",
    "add-note": "Додати замітку",
    "add-payment": "Додати платіж",
    "add-payment-to-order": "Додати оплату в замовлення",
    "add-payment-to-order-success": "Платіж успішно додано в замовлення",
    "add-surcharge": "Додати доплату",
    "added-items": "Додані позиції",
    "amount": "Кількість",
    "apply-filters": "Застосувати фільтри",
    "arrange-additional-payment": "Організувати доплату",
    "billing-address": "Платіжна адреса",
    "cancel": "Скасування",
    "cancel-entire-order": "",
    "cancel-fulfillment": "Скасувати виконання",
    "cancel-modification": "Скасувати зміну",
    "cancel-order": "Скасувати замовлення",
    "cancel-payment": "Скасувати платіж",
    "cancel-reason-customer-request": "Запит клієнта",
    "cancel-reason-not-available": "Недоступний",
    "cancel-selected-items": "Скасувати вибрані позиції",
    "cancel-specified-items": "",
    "cancellation-reason": "Причина скасування",
    "cancelled-order-success": "Успішно скасоване замовлення",
    "complete-draft-order": "",
    "confirm-modifications": "Підтвердіть зміни",
    "contents": "Вміст",
    "create-fulfillment": "Створити виконання",
    "create-fulfillment-success": "Створене виконання",
    "customer": "Клієнт",
    "delete-draft-order": "",
    "edit-billing-address": "Змінити платіжну адресу",
    "edit-shipping-address": "Змінити адресу доставки",
    "error-message": "Повідомлення про помилку",
    "existing-address": "",
    "existing-customer": "",
    "filter-custom": "Під замовлення",
    "filter-preset-active": "Активні",
    "filter-preset-completed": "Завершені",
    "filter-preset-draft": "",
    "filter-preset-open": "Відкриті",
    "filter-preset-shipped": "Відправлені",
    "fulfill": "Виконати",
    "fulfill-order": "Виконати замовлення",
    "fulfillment": "Виконання",
    "fulfillment-method": "Метод виконання",
    "history-coupon-code-applied": "Код купона застосований",
    "history-coupon-code-removed": "Код купона видалений",
    "history-fulfillment-created": "Виконання створено",
    "history-fulfillment-delivered": "Виконання доставлено",
    "history-fulfillment-shipped": "Виконання відправлено",
    "history-fulfillment-transition": "Виконання перейшло з {from} в {to}",
    "history-items-cancelled": "{count} {count, plural, one {позиція} other {позицій}} скасовано",
    "history-order-cancelled": "Замовлення скасовано",
    "history-order-created": "Замовлення створено",
    "history-order-fulfilled": "Замовлення виконано",
    "history-order-modified": "Замовлення змінено",
    "history-order-transition": "Замовлення перейшло з {from} в {to}",
    "history-payment-settled": "Оплата проведена",
    "history-payment-transition": "Платіж #{id} перенесений з {from} на {to}",
    "history-refund-transition": "Повернення #{id} перейшло з {from} на {to}",
    "item-count": "{count} {count, plural, one {позиція} other {позицій}}",
    "line-fulfillment-all": "Всі позиції виконані",
    "line-fulfillment-none": "Немає виконаних позицій",
    "line-fulfillment-partial": "{ count } з { total } виконаних позицій",
    "manually-transition-to-state": "Перехід до стану вручну...",
    "manually-transition-to-state-message": "Вручну переведіть замовлення в інший стан. Зверніть увагу, що порядок станів регулюються правилами, які можуть запобігти певним переходам.",
    "modification-adding-items": "Додання {count} {count, plural, one {позиція} other {позицій}}",
    "modification-adding-surcharges": "Додання {count} {count, plural, one {доплати} other {доплат}}",
    "modification-adjusting-lines": "Регулювання {count} {count, plural, one {лінії} other {ліній}}",
    "modification-not-settled": "Не врегульовано",
    "modification-recalculate-shipping": "Перерахувати доставку",
    "modification-settled": "Врегульовано",
    "modification-summary": "Зведення модифікацій",
    "modification-updating-billing-address": "Оновлення платіжної адреси",
    "modification-updating-shipping-address": "Оновлення адреси доставки",
    "modifications": "Модифікації",
    "modify-order": "Змінити порядок",
    "modify-order-price-difference": "Різниця в ціні",
    "net-price": "Ціна нетто",
    "note": "Примітка",
    "note-is-private": "Примітка є службовою",
    "note-only-visible-to-administrators": "Доступно тільки адміністраторам",
    "note-visible-to-customer": "Доступно адміністраторам і клієнтам",
    "order-history": "Історія замовлень",
    "order-state-diagram": "Діаграма стану замовлення",
    "payment": "Оплата",
    "payment-amount": "Сума до оплати",
    "payment-metadata": "Метадані платежу",
    "payment-method": "Спосіб оплати",
    "payment-state": "Стан",
    "payment-to-refund": "Платіж до повернення",
    "placed-at": "Розміщено в",
    "placed-at-end": "Розміщено в - до",
    "placed-at-start": "Розміщено в - від",
    "preview-changes": "Попередній перегляд змін",
    "product-name": "Найменування товару",
    "product-sku": "SKU",
    "promotions-applied": "Застосовані промо-акції",
    "prorated-unit-price": "Пропорційна ціна за одиницю",
    "quantity": "Кількість",
    "refund": "Повернення",
    "refund-adjustment": "Коригування",
    "refund-and-cancel-order": "Повернення та скасування замовлення",
    "refund-cancellation-reason": "Причина повернення / скасування",
    "refund-cancellation-reason-required": "Вкажіть причину повернення / скасування",
    "refund-metadata": "Метадані повернення",
    "refund-order-failed": "Помилка повернення коштів",
    "refund-order-success": "Замовлення успішно повернено",
    "refund-reason": "Причина повернення",
    "refund-reason-customer-request": "Запит клієнта",
    "refund-reason-not-available": "Недоступний",
    "refund-shipping": "Повернення вартості доставки",
    "refund-total": "Загальна сума повернення",
    "refund-total-error": "Загальна сума повернення повинна бути в межах {min} і {max}",
    "refund-total-warning": "Загальна сума повернення перевищує обрану суму платежу. Решта суми повернення буде повернута з інших платежів.",
    "refund-with-amount": "Повернення {amount}",
    "refunded-count": "{count} {count, plural, one {позиція} other {позицій}} повернено",
    "removed-items": "Видалені позиції",
    "search-by-order-filters": "Пошук за коду замовлення / прізвищем клієнта / ID транзакції",
    "select-address": "",
    "select-shipping-method": "",
    "select-state": "Виберіть стан",
    "set-billing-address": "",
    "set-coupon-codes": "",
    "set-customer-for-order": "",
    "set-fulfillment-state": "Помітити як {state}",
    "set-shipping-address": "",
    "set-shipping-method": "",
    "settle-payment": "Розрахунок платежу",
    "settle-payment-error": "Не вдалося провести оплату",
    "settle-payment-success": "Успішно проведений платіж",
    "settle-refund": "Повернення платежу",
    "settle-refund-manual-instructions": "Після ручного відшкодування через вашого платіжного провайдера ({method}), введіть тут ідентифікатор транзакції.",
    "settle-refund-success": "Повернення успішно здійснено",
    "shipping": "Доставка",
    "shipping-address": "Адреса доставки",
    "shipping-cancelled": "",
    "shipping-method": "Спосіб доставки",
    "state": "Стан",
    "sub-total": "Проміжний підсумок",
    "successfully-updated-fulfillment": "Успішно оновлено виконання",
    "surcharges": "Доплати",
    "tax-base": "База оподаткування",
    "tax-description": "Опис податку",
    "tax-rate": "Ставка податку",
    "tax-summary": "Податкове зведення",
    "tax-total": "Разом податку",
    "total": "Загалом",
    "tracking-code": "Код відстеження",
    "transaction-id": "ID транзакції",
    "transition-to-state": "Перехід в стан {state}",
    "transitioned-payment-to-state-success": "Платіж успішно переведений на { state }",
    "transitioned-to-state-success": "Успішно переведений на { state }",
    "unable-to-transition-to-state-try-another": "Замовлення не може бути переведено зворотно на \"{state}\" стан. Будь ласка, виберіть альтернативний стан.",
    "unfulfilled": "Невиконано",
    "unit-price": "Ціна за одиницю"
  },
  "settings": {
    "add-countries-to-zone": "Додати країни в { zoneName }",
    "add-countries-to-zone-success": "Додано { countryCount } {countryCount, plural, one {країна} other {країн}} в зону \"{ zoneName }\"",
    "add-products-to-test-order": "Додати товари до тестового замовлення",
    "channel": "Канал",
    "channel-token": "Токен каналу",
    "confirm-delete-payment-method": "Видалити спосіб оплати?",
    "confirm-delete-role": "Видалити роль?",
    "confirm-delete-tax-category": "Видалити податкову категорію?",
    "confirm-delete-tax-rate": "Видалити податкову ставку?",
    "create-new-channel": "Створити новий канал",
    "create-new-country": "Створити нову країну",
    "create-new-payment-method": "Створити новий спосіб оплати",
    "create-new-role": "Створити нову роль",
    "create-new-shipping-method": "Створити новий спосіб доставки",
    "create-new-tax-category": "Створити нову податкову категорію",
    "create-new-tax-rate": "Створити нову податкову ставку",
    "create-new-zone": "Створити нову зону",
    "create-zone": "Створити зону",
    "currency": "Валюта",
    "default-role-label": "Це роль за замовчуванням, яку неможливо змінити.",
    "default-shipping-zone": "Зона доставки за замовчуванням",
    "default-tax-zone": "Податкова зона за замовчуванням",
    "eligible": "Який має право",
    "email-address": "Адреса електронної пошти",
    "filter-by-member-name": "Фільтрувати по країні",
    "first-name": "Ім'я",
    "fulfillment-handler": "Обробник виконання",
    "global-out-of-stock-threshold": "Глобальний поріг відсутності на складі",
    "global-out-of-stock-threshold-tooltip": "Встановлює рівень запасу, при якому цей варіант вважається відсутнім. Використання від'ємного значення включає підтримку відкладеного замовлення. Може бути скасовано варіантами товару.",
    "last-name": "Прізвище",
    "no-eligible-shipping-methods": "Немає відповідних способів доставки",
    "password": "Пароль",
    "payment-eligibility-checker": "Контролер прийнятності оплати",
    "payment-handler": "Обробник платежів",
    "permissions": "Дозволи",
    "prices-include-tax": "Ціни включають податок для зони за замовчуванням",
    "profile": "Профіль",
    "rate": "Показник",
    "remove-countries-from-zone-success": "Видалити { countryCount } {countryCount, plural, one {країна} other {країн}} із зони \"{ zoneName }\"",
    "remove-from-zone": "Видалити із зони",
    "roles": "Ролі",
    "search-by-product-name-or-sku": "Пошук за назвою товару або артикулу",
    "search-country-by-name": "Пошук країни за назвою",
    "shipping-calculator": "Калькулятор доставки",
    "shipping-eligibility-checker": "Контролер прийнятності доставки",
    "shipping-method": "Спосіб доставки",
    "tax-category": "Податкова категорія",
    "tax-rate": "Ставка податку",
    "test-address": "Тестова адреса",
    "test-order": "Тестове замовлення",
    "test-result": "Результат тесту",
    "test-shipping-method": "Тестовий спосіб доставки",
    "test-shipping-methods": "Способи тестової доставки",
    "track-inventory-default": "За замовчуванням відстежувати інвентаризацію",
    "update-zone": "Оновлення зони",
    "view-zone-members": "Переглянути учасників",
    "zone": "Зона"
  },
  "state": {
    "adding-items": "Додавання позицій",
    "all-orders": "Всі стани замовлення",
    "arranging-additional-payment": "Організація додаткової оплати",
    "arranging-payment": "Організація оплати",
    "authorized": "Авторизовано",
    "cancelled": "Скасовано",
    "created": "Створено",
    "declined": "Відхилено",
    "delivered": "Доставлено",
    "draft": "",
    "error": "Помилка",
    "failed": "Невдало",
    "modifying": "Зміна",
    "partially-delivered": "Частково доставлено",
    "partially-shipped": "Частково відправлено",
    "payment-authorized": "Оплата авторизована",
    "payment-settled": "Оплата проведена",
    "pending": "В очікуванні",
    "settled": "Проведено",
    "shipped": "Відправлено"
  },
  "system": {
    "all-job-queues": "Всі черги завдань",
    "health-all-systems-up": "Всі системи включені",
    "health-error": "Помилка: одна або кілька систем не працюють!",
    "health-last-checked": "Останній раз перевірено",
    "health-message": "Повідомлення",
    "health-refresh": "Оновити",
    "health-status": "Статус",
    "health-status-down": "Відключено",
    "health-status-up": "Підключено",
    "hide-settled-jobs": "Сховати вибране завдання",
    "job-data": "Дані завдання",
    "job-duration": "Тривалість",
    "job-error": "Помилка завдання",
    "job-queue-name": "Ім'я черги",
    "job-result": "Результат завдання",
    "job-state": "Стан завдання"
  }
}
