{
  "admin": {
    "create-new-administrator": "添加管理员",
    "search-administrator":"通过名字/姓氏/电子邮件搜索"
  },
  "asset": {
    "add-asset": "添加资源",
    "add-asset-with-count": "添加{count}个资源",
    "assets-selected-count": "已选择{ count }个资源",
    "dimensions": "图片尺寸",
    "focal-point": "图片焦点",
    "notify-create-assets-success": "创建了{count}个新资源",
    "original-asset-size": "资源大小",
    "preview": "预览",
    "remove-asset": "移除资源",
    "select-asset": "选择资源",
    "select-assets": "选择资源",
    "set-as-featured-asset": "设置为特征图片",
    "set-focal-point": "设置图片焦点",
    "source-file": "源文件",
    "unset-focal-point": "删除焦点设置",
    "update-focal-point": "重新设置焦点",
    "update-focal-point-error": "更新焦点失败",
    "update-focal-point-success": "更新焦点成功",
    "upload-assets": "上传资源",
    "uploading": "正在上传..."
  },
  "breadcrumb": {
    "administrators": "用户管理",
    "assets": "资源列表",
    "channels": "销售渠道",
    "collections": "商品系列",
    "countries": "国家列表",
    "customer-groups": "分组管理",
    "customers": "客户管理",
    "dashboard": "总览",
    "facets": "商品特征",
    "global-settings": "语言设置",
    "job-queue": "任务队列",
    "manage-variants": "商品规格管理",
    "modifying": "正在修改",
    "orders": "订单管理",
    "payment-methods": "支付管理",
    "product-options": "",
    "products": "商品列表",
    "profile": "个人资料",
    "promotions": "优惠券管理",
    "roles": "角色管理",
    "shipping-methods": "配送方式管理",
    "system-status": "系统状态",
    "tax-categories": "税表分类",
    "tax-rates": "税率管理",
    "zones": "分区列表"
  },
  "catalog": {
    "add-facet-value": "添加特征值",
    "add-facets": "添加特征",
    "add-option": "添加规格组",
    "asset-preview-links": "",
    "assign-collections-to-channel-success": "",
    "assign-facets-to-channel-success": "",
    "assign-product-to-channel-success": "成功将产品添加至销售渠道\"{ channel }\"",
    "assign-products-to-channel": "分配产品到销售渠道",
    "assign-to-channel": "分配至销售渠道",
    "assign-to-named-channel": "分配到{ channelCode }",
    "assign-variant-to-channel-success": "成功添加商品到 \"{ channel }\"",
    "assign-variants-to-channel": "添加到销售渠道",
    "auto-update-option-variant-name": "此选项自动更新不同商品变体名称",
    "auto-update-product-variant-name": "自动更新不同商品变体名称",
    "channel-price-preview": "渠道价格预览",
    "collection-contents": "系列产品",
    "confirm-bulk-delete-collections": "",
    "confirm-bulk-delete-facets": "",
    "confirm-bulk-delete-products": "",
    "confirm-cancel": "",
    "confirm-delete-administrator": "确认删除管理员吗?",
    "confirm-delete-assets": "确认删除{count}个资源吗？",
    "confirm-delete-channel": "确认删除销售渠道?",
    "confirm-delete-collection": "确认删除商品系列吗?",
    "confirm-delete-collection-and-children-body": "删除这个系列会删除它所包含的子系列，确认删除码?",
    "confirm-delete-country": "确认删除国家?",
    "confirm-delete-customer": "确认删除客户吗?",
    "confirm-delete-facet": "确认删除特征?",
    "confirm-delete-facet-value": "确认删除特征值?",
    "confirm-delete-product": "确认删除商品?",
    "confirm-delete-product-option": "",
    "confirm-delete-product-option-group": "",
    "confirm-delete-product-variant": "确认删除商品规格?",
    "confirm-delete-promotion": "确认删除优惠券?",
    "confirm-delete-shipping-method": "确认删除邮寄方式?",
    "confirm-delete-zone": "确认删除分区么?",
    "confirm-deletion-of-unused-variants-body": "",
    "confirm-deletion-of-unused-variants-title": "",
    "create-draft-order": "",
    "create-new-collection": "添加系列",
    "create-new-facet": "添加特征",
    "create-new-product": "添加商品",
    "created-new-variants-success": "成功创建{count}个商品规格",
    "default-variant": "默认商品规格",
    "display-variant-cards": "卡片显示",
    "display-variant-table": "表格显示",
    "drop-files-to-upload": "拖拽文件上传",
    "duplicate-sku-warning": "",
    "edit-facet-values": "",
    "edit-options": "",
    "expand-all-collections": "展开所有系列",
    "facet-value-not-available": "",
    "facet-values": "特征值列表",
    "filter-by-name": "按名字过滤",
    "filter-by-name-or-sku": "按名字或商品编码过滤",
    "filters": "过滤条件",
    "group-by-product": "按商品分组显示",
    "live-preview-contents": "",
    "manage-variants": "商品规格管理",
    "move-down": "向下移",
    "move-to": "移至",
    "move-up": "向上移",
    "no-channel-selected": "未选择销售渠道",
    "no-featured-asset": "无特征图片",
    "no-selection": "尚未选择",
    "notify-bulk-delete-collections-success": "",
    "notify-bulk-delete-facets-success": "",
    "notify-bulk-delete-products-success": "",
    "notify-remove-collections-from-channel-success": "",
    "notify-remove-facets-from-channel-success": "",
    "notify-remove-product-from-channel-error": "从渠道中移除商品失败",
    "notify-remove-product-from-channel-success": "成功从渠道中移除商品",
    "notify-remove-variant-from-channel-error": "从渠道中移除商品变体失败",
    "notify-remove-variant-from-channel-success": "成功从渠道中移除商品变体",
    "option": "规格",
    "option-name": "规格名称",
    "option-values": "规格列表（按回车键添加）",
    "out-of-stock-threshold": "售空限制",
    "out-of-stock-threshold-tooltip": "当此规格产品库存值低于此限制时，产品将为售空状态。设置为负数设置此规格产品为缺货状态。",
    "pending-search-index-updates": "",
    "price": "价格",
    "price-conversion-factor": "价格换算因数",
    "price-in-channel": "渠道{ channel }价格",
    "price-includes-tax-at": "含税{ rate }%",
    "price-with-tax-in-default-zone": "含税{ rate }% 价格{ price }",
    "private": "隐藏",
    "product-details": "商品详情",
    "product-name": "商品名称",
    "product-variants": "商品规格",
    "public": "公开",
    "rebuild-search-index": "重建索引",
    "reindex-error": "重建索引失败",
    "reindex-successful": "已成功重建{count}个产品索引，耗时{time}毫秒",
    "reindexing": "正在重建搜索索引",
    "remove-from-channel": "从销售渠道移除",
    "remove-option": "移除选项",
    "remove-product-from-channel": "从销售渠道移除商品",
    "remove-product-variant-from-channel": "从销售渠道移除商品变体",
    "root-collection": "",
    "run-pending-search-index-updates": "",
    "running-search-index-updates": "",
    "search-asset-name-or-tag": "输入要搜索的资源名称或标签",
    "search-for-term": "输入搜索条目",
    "search-index-controls": "",
    "search-product-name-or-code": "输入要搜索的商品名称或商品编码",
    "select-product": "选择商品",
    "select-product-variant": "选择商品变体",
    "sku": "商品库存编码",
    "slug": "名称缩写",
    "slug-pattern-error": "名称缩写无效",
    "stock-allocated": "已分配",
    "stock-allocated-tooltip": "已下单但未发货的商品数量",
    "stock-on-hand": "当前库存",
    "stock-on-hand-tooltip": "当前库存中实际商品数量",
    "stock-saleable": "可销售",
    "stock-saleable-tooltip": "可销售产品数量，等于当前库存-已分配，如果设置售空限制，可售数量会与之对比。",
    "tax-category": "税表分类",
    "taxes": "价格（含税）",
    "track-inventory": "跟踪库存",
    "track-inventory-false": "不跟踪",
    "track-inventory-inherit": "",
    "track-inventory-tooltip": "当设置跟踪，当前规格产品库存数量会跟进销售数量自动减少",
    "track-inventory-true": "跟踪",
    "update-product-option": "更新产品规格",
    "use-global-value": "使用系统默认值",
    "values": "值",
    "variant": "商品规格",
    "view-contents": "查看详情",
    "visibility": "访问控制"
  },
  "common": {
    "ID": "ID",
    "actions": "操作",
    "add-item-to-list": "添加到列表",
    "add-new-variants": "添加{count}个商品规格",
    "add-note": "添加注释",
    "available-languages": "可用语言",
    "boolean-and": "",
    "boolean-or": "",
    "browser-default": "",
    "cancel": "取消",
    "cancel-navigation": "取消",
    "change-selection": "更改选项",
    "channel": "销售渠道",
    "channels": "销售渠道",
    "clear-selection": "",
    "close": "",
    "code": "编码",
    "collapse-entries": "收起",
    "confirm": "确认",
    "confirm-delete-note": "删除笔记",
    "confirm-navigation": "导航确认",
    "create": "添加",
    "created-at": "创建时间",
    "custom-fields": "客户化字段",
    "default-channel": "默认销售渠道",
    "default-language": "默认语言",
    "default-tax-category": "默认税表",
    "delete": "删除",
    "description": "描述",
    "details": "详情",
    "disabled": "禁用",
    "discard-changes": "放弃修改",
    "edit": "编辑",
    "edit-field": "编辑域",
    "edit-note": "编辑笔记",
    "enabled": "启用",
    "expand-entries": "展开",
    "extension-running-in-separate-window": "扩展已在另一个窗口启动",
    "filter": "过滤",
    "force-delete": "",
    "force-remove": "",
    "general": "",
    "guest": "游客",
    "items-per-page-option": "每页显示 { count } 条",
    "items-selected-count": "",
    "keep-editing": "",
    "language": "语言",
    "launch-extension": "启动扩展插件",
    "live-update": "在线更新",
    "locale": "",
    "log-out": "退出",
    "login": "登陆",
    "manage-tags": "管理标签",
    "manage-tags-description": "更新或删除标签",
    "medium-date": "",
    "more": "更多...",
    "name": "名称",
    "no-bulk-actions-available": "",
    "no-results": "没找到任何结果",
    "not-applicable": "",
    "not-set": "未设置",
    "notify-bulk-update-success": "",
    "notify-create-error": "添加{ entity }失败",
    "notify-create-success": "{ entity }已添加",
    "notify-delete-error": "删除{ entity }失败",
    "notify-delete-success": "{ entity }已删除",
    "notify-remove-products-from-channel-success": "",
    "notify-save-changes-error": "保存失败",
    "notify-saved-changes": "修改已保存",
    "notify-update-error": "更新{ entity }失败",
    "notify-update-success": "{ entity }已更新",
    "notify-updated-tags-success": "成功更新标签",
    "okay": "",
    "open": "详情",
    "password": "密码",
    "price": "价格",
    "price-with-tax": "价格（含税）",
    "private": "隐藏",
    "public": "公开",
    "remember-me": "记住我",
    "remove": "删除",
    "remove-item-from-list": "从列表中移除",
    "results-count": "{count, plural, 0{无} other {{count}个过滤结果}}",
    "sample-formatting": "",
    "select": "选择...",
    "select-display-language": "选择显示语言",
    "select-items-with-count": "",
    "select-products": "",
    "select-relation-id": "",
    "select-today": "选择今天",
    "select-variants": "",
    "set-language": "",
    "short-date": "",
    "tags": "标签",
    "theme": "主题",
    "there-are-unsaved-changes": "修改尚未被保存，现在离开会导致您的修改会被删除",
    "toggle-all": "全部切换",
    "total-items": "{currentStart} - {currentEnd} 的 {totalItems}",
    "update": "确认修改",
    "updated-at": "修改时间",
    "username": "用户名",
    "view-next-month": "查看下个月",
    "view-previous-month": "查看下个月",
    "with-selected": "从已选中..."
  },
  "customer": {
    "add-customer-to-group": "添加客户到分组",
    "add-customer-to-groups-with-count": "添加客户到 {count}个分组",
    "add-customers-to-group": "添加客户到分组",
    "add-customers-to-group-success": "已添加{customerCount} 个客户到\"{ groupName }\"分组",
    "add-customers-to-group-with-count": "添加{count}个客户",
    "add-customers-to-group-with-name": "添加客户到\"{ groupName }\"分组",
    "addresses": "地址",
    "city": "市",
    "company": "",
    "confirm-delete-customer-group": "确认删除客户分组?",
    "confirm-remove-customer-from-group": "确认从分组移除客户?",
    "country": "国家",
    "create-customer-group": "添加分组",
    "create-new-address": "添加地址",
    "create-new-customer": "添加客户",
    "create-new-customer-group": "确认添加",
    "customer-groups": "客户分组",
    "customer-history": "客户记录",
    "customer-type": "客户验证类型",
    "default-billing-address": "默认账单地址",
    "default-shipping-address": "默认邮寄地址",
    "email-address": "电子邮件地址",
    "email-verification-sent": "验证邮件已经发送到邮箱地址{ emailAddress }",
    "first-name": "名",
    "full-name": "名字",
    "guest": "访客",
    "history-customer-added-to-group": "添加客户到分组\"{ groupName }\"",
    "history-customer-address-created": "创建地址",
    "history-customer-address-deleted": "删除地址",
    "history-customer-address-updated": "更新地址",
    "history-customer-detail-updated": "更新客户信息",
    "history-customer-email-update-requested": "请求更新电子邮件",
    "history-customer-email-update-verified": "验证电子邮件更新成功",
    "history-customer-password-reset-requested": "请求重置密码",
    "history-customer-password-reset-verified": "验证密码重置成功",
    "history-customer-password-updated": "更新密码",
    "history-customer-registered": "注册客户",
    "history-customer-removed-from-group": "从分组\"{ groupName }\"移除",
    "history-customer-verified": "验证客户成功",
    "history-using-external-auth-strategy": "使用{ strategy }",
    "history-using-native-auth-strategy": "使用电子邮件",
    "last-login": "上次登陆",
    "last-name": "姓",
    "name": "姓名",
    "new-email-address": "新邮件地址",
    "no-orders-placed": "无订单记录",
    "not-a-member-of-any-groups": "未分组",
    "old-email-address": "旧邮件地址",
    "orders": "订单列表",
    "password": "密码",
    "phone-number": "电话号码",
    "postal-code": "邮政编码",
    "province": "省（直辖市）",
    "registered": "已注册",
    "remove-customers-from-group-success": "成功从分组\"{ groupName }\"中移除{customerCount}个客户",
    "remove-from-group": "从分组中移除",
    "search-by-group-name": "输入搜索条目",
    "search-customers-by-email": "输入要搜索的客户邮件地址",
    "search-customers-by-email-last-name-postal-code": "",
    "select-customer": "选择客户",
    "set-as-default-billing-address": "设置为默认账单地址",
    "set-as-default-shipping-address": "设置为默认邮寄地址",
    "street-line-1": "街道",
    "street-line-2": "详细地址（小区，公司门牌号等）",
    "title": "客户称呼",
    "update-customer-group": "更新客户分组",
    "verified": "已验证",
    "view-group-members": "查看分组成员"
  },
  "dashboard": {
    "add-widget": "添加窗口工具",
    "latest-orders": "最新订单",
    "orders-summary": "订单预览",
    "remove-widget": "移除窗口",
    "thisMonth": "本月",
    "thisWeek": "本周",
    "today": "今天",
    "total-order-value": "总额",
    "total-orders": "总订单数",
    "widget-resize": "修改大小",
    "widget-width": "宽: {width}",
    "yesterday": "昨天"
  },
  "datetime": {
    "ago-days": "{count, plural, =1 {昨天} other {{count} 天前}} ",
    "ago-hours": "{count}小时前",
    "ago-minutes": "{count}分钟前",
    "ago-seconds": "{count, plural, =0 {刚刚} other {{count} 秒前}}",
    "ago-years": "{count, plural, =1 {去年} other {{count} 年前}} ",
    "duration-milliseconds": "{ms}毫秒",
    "duration-minutes:seconds": "{m}分{s}秒",
    "duration-seconds": "{s}秒",
    "month-apr": "4月",
    "month-aug": "8月",
    "month-dec": "12月",
    "month-feb": "2月",
    "month-jan": "1月",
    "month-jul": "7月",
    "month-jun": "6月",
    "month-mar": "3月",
    "month-may": "5月",
    "month-nov": "11月",
    "month-oct": "10月",
    "month-sep": "9月",
    "time": "时间",
    "weekday-fr": "星期五",
    "weekday-mo": "星期一",
    "weekday-sa": "星期六",
    "weekday-su": "星期日",
    "weekday-th": "星期四",
    "weekday-tu": "星期二",
    "weekday-we": "星期三"
  },
  "editor": {
    "image-alt": "图片备注",
    "image-src": "图片源文件",
    "image-title": "图片标题",
    "insert-image": "插入图片",
    "link-href": "链接",
    "link-title": "链接标题",
    "remove-link": "删除链接",
    "set-link": "设置链接"
  },
  "error": {
    "403-forbidden": "无权限访问路径 \"{ path }\"。无权限或会话已过期，请重新登陆",
    "could-not-connect-to-server": "无法链接服务器 { url }",
    "facet-value-form-values-do-not-match": "表单中商品特征值数量与实际不符",
    "health-check-failed": "系统健康状态检查失败",
    "no-default-shipping-zone-set": "当前销售渠道没有默认配送区域设置，这会导致计算邮费失败。",
    "no-default-tax-zone-set": "当前销售渠道没有没人税表区域设置，这会导致计算价格失败。请创建或选择税区。",
    "product-variant-form-values-do-not-match": "表单中商品规格数量与实际不符"
  },
  "marketing": {
    "actions": "优惠操作",
    "add-action": "添加优惠",
    "add-condition": "添加限制条件",
    "conditions": "使用限制",
    "coupon-code": "优惠码",
    "create-new-promotion": "添加促销产品",
    "ends-at": "有效起始时间",
    "per-customer-limit": "每人限领数",
    "search-by-coupon-code": "",
    "search-by-name": "",
    "starts-at": "有效结束时间"
  },
  "nav": {
    "administrators": "登陆管理",
    "assets": "资源列表",
    "catalog": "商品管理",
    "channels": "销售渠道",
    "collections": "商品系列",
    "countries": "国家列表",
    "customer-groups": "分组管理",
    "customers": "客户管理",
    "facets": "产品特征",
    "global-settings": "语言设置",
    "job-queue": "任务队列",
    "marketing": "市场营销",
    "orders": "订单管理",
    "payment-methods": "支付管理",
    "products": "商品列表",
    "promotions": "优惠券管理",
    "roles": "角色管理",
    "sales": "销售管理",
    "settings": "系统设置",
    "shipping-methods": "配送方式",
    "system": "系统状态",
    "system-status": "系统状态",
    "tax-categories": "税表分类",
    "tax-rates": "税表管理",
    "zones": "区域管理"
  },
  "order": {
    "add-item-to-order": "添加到订单",
    "add-note": "添加备注",
    "add-payment": "添加付款",
    "add-payment-to-order": "添加付款到订单",
    "add-payment-to-order-success": "成功添加付款到订单",
    "add-surcharge": "添加附加费",
    "added-items": "添加项目",
    "amount": "金额",
    "apply-filters": "过滤",
    "arrange-additional-payment": "添加额外付款",
    "billing-address": "账单地址",
    "cancel": "取消",
    "cancel-entire-order": "",
    "cancel-fulfillment": "取消发货",
    "cancel-modification": "取消修改",
    "cancel-order": "取消订单",
    "cancel-payment": "取消付款",
    "cancel-reason-customer-request": "客户要求",
    "cancel-reason-not-available": "产品无库存",
    "cancel-selected-items": "取消已选",
    "cancel-specified-items": "",
    "cancellation-reason": "取消原因",
    "cancelled-order-success": "订单成功取消",
    "complete-draft-order": "",
    "confirm-modifications": "确认修改",
    "contents": "具体内容",
    "create-fulfillment": "确认配货",
    "create-fulfillment-success": "确认配货成功",
    "customer": "客户",
    "delete-draft-order": "",
    "edit-billing-address": "编辑账单地址",
    "edit-shipping-address": "编辑邮寄地址",
    "error-message": "错误消息",
    "existing-address": "",
    "existing-customer": "",
    "filter-custom": "自定义",
    "filter-preset-active": "正在选择商品",
    "filter-preset-completed": "已完成",
    "filter-preset-draft": "",
    "filter-preset-open": "已下单",
    "filter-preset-shipped": "已发货",
    "fulfill": "已配货",
    "fulfill-order": "接受订单",
    "fulfillment": "配货记录",
    "fulfillment-method": "配货方式",
    "history-coupon-code-applied": "优惠卷已使用",
    "history-coupon-code-removed": "优惠卷已移除",
    "history-fulfillment-created": "",
    "history-fulfillment-delivered": "",
    "history-fulfillment-shipped": "",
    "history-fulfillment-transition": "",
    "history-items-cancelled": "{count}个已取消",
    "history-order-cancelled": "订单已取消",
    "history-order-created": "",
    "history-order-fulfilled": "订单已配货",
    "history-order-modified": "",
    "history-order-transition": "订单状态从{from}更新至{to}",
    "history-payment-settled": "已结算付款",
    "history-payment-transition": "付款交易 #{id} 状态从{from}更新至{to}",
    "history-refund-transition": "退款交易 #{id} 状态从 {from}更新至{to}",
    "item-count": "{count}个订单项",
    "line-fulfillment-all": "订单已全部配货完成",
    "line-fulfillment-none": "无订单配货记录",
    "line-fulfillment-partial": "总共{ total }个订单项，{ count }个已配货",
    "manually-transition-to-state": "",
    "manually-transition-to-state-message": "",
    "modification-adding-items": "",
    "modification-adding-surcharges": "",
    "modification-adjusting-lines": "",
    "modification-not-settled": "",
    "modification-recalculate-shipping": "",
    "modification-settled": "",
    "modification-summary": "",
    "modification-updating-billing-address": "",
    "modification-updating-shipping-address": "",
    "modifications": "",
    "modify-order": "",
    "modify-order-price-difference": "",
    "net-price": "净价",
    "note": "",
    "note-is-private": "隐藏备注",
    "note-only-visible-to-administrators": "仅管理员可见",
    "note-visible-to-customer": "管理员及客户可见",
    "order-history": "历史订单",
    "order-state-diagram": "",
    "payment": "付款信息",
    "payment-amount": "付款金额",
    "payment-metadata": "付款元数据",
    "payment-method": "付款方式",
    "payment-state": "付款状态",
    "payment-to-refund": "退款订单付款信息",
    "placed-at": "",
    "placed-at-end": "",
    "placed-at-start": "",
    "preview-changes": "",
    "product-name": "产品名称",
    "product-sku": "库存编码",
    "promotions-applied": "已使用代金券",
    "prorated-unit-price": "",
    "quantity": "数量",
    "refund": "退款",
    "refund-adjustment": "退款调整",
    "refund-and-cancel-order": "退款｜取消订单",
    "refund-cancellation-reason": "",
    "refund-cancellation-reason-required": "",
    "refund-metadata": "退款元数据",
    "refund-order-failed": "",
    "refund-order-success": "退款订单处理成功",
    "refund-reason": "退款原因",
    "refund-reason-customer-request": "客户要求",
    "refund-reason-not-available": "无库存",
    "refund-shipping": "退运费",
    "refund-total": "退款总计",
    "refund-total-error": "退款总计必须大于{min}并少于{max}之间",
    "refund-total-warning": "",
    "refund-with-amount": "退款金额{amount}",
    "refunded-count": "{count}个商品已退款",
    "removed-items": "",
    "search-by-order-filters": "输入要搜索的订单编号 / 姓 / 交易ID ",
    "select-address": "",
    "select-shipping-method": "",
    "select-state": "",
    "set-billing-address": "",
    "set-coupon-codes": "",
    "set-customer-for-order": "",
    "set-fulfillment-state": "",
    "set-shipping-address": "",
    "set-shipping-method": "",
    "settle-payment": "结算付款",
    "settle-payment-error": "结算付款失败",
    "settle-payment-success": "结算付款成功",
    "settle-refund": "结算退款",
    "settle-refund-manual-instructions": "在您手动退款后，请添加交易ID.",
    "settle-refund-success": "结算退款成功",
    "shipping": "运费",
    "shipping-address": "配送地址",
    "shipping-cancelled": "",
    "shipping-method": "配送方式",
    "state": "状态",
    "sub-total": "小计金额",
    "successfully-updated-fulfillment": "",
    "surcharges": "",
    "tax-base": "",
    "tax-description": "",
    "tax-rate": "",
    "tax-summary": "",
    "tax-total": "",
    "total": "总计金额",
    "tracking-code": "物流码",
    "transaction-id": "交易ID",
    "transition-to-state": "",
    "transitioned-payment-to-state-success": "",
    "transitioned-to-state-success": "",
    "unable-to-transition-to-state-try-another": "",
    "unfulfilled": "未配货",
    "unit-price": "单价"
  },
  "settings": {
    "add-countries-to-zone": "添加国家到销售区域...",
    "add-countries-to-zone-success": "{ countryCount }个国家已到销售区域 \"{ zoneName }\"",
    "add-products-to-test-order": "添加产品到测试订单",
    "channel": "销售渠道",
    "channel-token": "渠道唯一码",
    "confirm-delete-payment-method": "确认删除付款方式?",
    "confirm-delete-role": "确认删除角色?",
    "confirm-delete-tax-category": "确认删除税表分类?",
    "confirm-delete-tax-rate": "去人删除税率?",
    "create-new-channel": "添加销售渠道",
    "create-new-country": "添加国家",
    "create-new-payment-method": "",
    "create-new-role": "添加角色",
    "create-new-shipping-method": "添加配送方式",
    "create-new-tax-category": "创建税表分类",
    "create-new-tax-rate": "添加税率",
    "create-new-zone": "",
    "create-zone": "创建销售区域",
    "currency": "币种",
    "default-role-label": "默认角色不可修改",
    "default-shipping-zone": "默认配送区域",
    "default-tax-zone": "默认销售区域",
    "eligible": "符合条件",
    "email-address": "电子邮件",
    "filter-by-member-name": "",
    "first-name": "名",
    "fulfillment-handler": "",
    "global-out-of-stock-threshold": "默认售空限制",
    "global-out-of-stock-threshold-tooltip": "当此规格产品库存值低于此限制时，产品将为售空状态。设置为负数设置此规格产品为缺货状态。可以在产品页面更改默认限制",
    "last-name": "姓",
    "no-eligible-shipping-methods": "没有符合条件的配送方式",
    "password": "密码",
    "payment-eligibility-checker": "",
    "payment-handler": "",
    "permissions": "权限",
    "prices-include-tax": "设置默认销售区域价格含税",
    "profile": "",
    "rate": "税率",
    "remove-countries-from-zone-success": "{ countryCount }个国际已从\"{ zoneName }\"中移除",
    "remove-from-zone": "",
    "roles": "角色列表",
    "search-by-product-name-or-sku": "输入要搜索的产品名称或库存编码",
    "search-country-by-name": "输入要搜索的国家名称",
    "shipping-calculator": "配送费计算",
    "shipping-eligibility-checker": "使用此配送方式的合格条件",
    "shipping-method": "配送方式",
    "tax-category": "税表分类",
    "tax-rate": "税率",
    "test-address": "模拟测试地址",
    "test-order": "模拟测试订单",
    "test-result": "模拟测试结果",
    "test-shipping-method": "模拟测试配送方式",
    "test-shipping-methods": "模拟测试配送方式",
    "track-inventory-default": "默认跟踪库存",
    "update-zone": "",
    "view-zone-members": "",
    "zone": "销售区域"
  },
  "state": {
    "adding-items": "正在选择商品",
    "all-orders": "所以订单状态",
    "arranging-additional-payment": "在付款",
    "arranging-payment": "正在付款",
    "authorized": "已授权",
    "cancelled": "已取消",
    "created": "已创建",
    "declined": "已拒绝",
    "delivered": "已完成",
    "draft": "",
    "error": "错误",
    "failed": "失败",
    "modifying": "正在修改",
    "partially-delivered": "部分配货",
    "partially-shipped": "部分发货",
    "payment-authorized": "已授权支付",
    "payment-settled": "已结算",
    "pending": "待处理",
    "settled": "已结算",
    "shipped": "已发货"
  },
  "system": {
    "all-job-queues": "所有任务",
    "health-all-systems-up": "所以系统正常运行",
    "health-error": "错误：一个或多个系统启动失败！",
    "health-last-checked": "上次检查",
    "health-message": "消息",
    "health-refresh": "刷新",
    "health-status": "状态",
    "health-status-down": "失败",
    "health-status-up": "正常",
    "hide-settled-jobs": "隐藏已完成任务",
    "job-data": "任务数据",
    "job-duration": "任务耗时",
    "job-error": "任务错误",
    "job-queue-name": "队列名称",
    "job-result": "任务结果",
    "job-state": "任务状态"
  }
}
