{
  "admin": {
    "create-new-administrator": "新增管理員",
    "search-administrator": "透過名字/姓氏/電子郵件搜尋"
  },
  "asset": {
    "add-asset": "新增檔案",
    "add-asset-with-count": "新增{count}個檔案",
    "assets-selected-count": "已選擇{ count }個檔案",
    "dimensions": "尺寸",
    "focal-point": "圖片焦點",
    "notify-create-assets-success": "已成功新增{count}個檔案",
    "original-asset-size": "檔案大小",
    "preview": "預覽",
    "remove-asset": "移除檔案",
    "select-asset": "",
    "select-assets": "選擇檔案",
    "set-as-featured-asset": "設置為精選圖片",
    "set-focal-point": "設置圖片焦點",
    "source-file": "源文件",
    "unset-focal-point": "移除焦點",
    "update-focal-point": "更新焦点",
    "update-focal-point-error": "更新焦點失敗",
    "update-focal-point-success": "更新焦點成功",
    "upload-assets": "上傳檔案",
    "uploading": ""
  },
  "breadcrumb": {
    "administrators": "用户管理",
    "assets": "檔案列表",
    "channels": "鎖售渠道",
    "collections": "商品系列",
    "countries": "國家",
    "customer-groups": "",
    "customers": "客户管理",
    "dashboard": "總覽",
    "facets": "商品特徵",
    "global-settings": "語言",
    "job-queue": "",
    "manage-variants": "商品規格管理",
    "modifying": "",
    "orders": "訂單管理",
    "payment-methods": "支付方式",
    "product-options": "",
    "products": "商品",
    "profile": "",
    "promotions": "優惠",
    "roles": "角色管理",
    "shipping-methods": "配送方式管理",
    "system-status": "",
    "tax-categories": "稅項類別",
    "tax-rates": "税率",
    "zones": ""
  },
  "catalog": {
    "add-facet-value": "新增特徵值",
    "add-facets": "新增特徵",
    "add-option": "新增規格選項",
    "asset-preview-links": "",
    "assign-collections-to-channel-success": "",
    "assign-facets-to-channel-success": "",
    "assign-product-to-channel-success": "成功將產品新增至渠道\"{ channel }\"",
    "assign-products-to-channel": "分配產品到渠道",
    "assign-to-channel": "分配至渠道",
    "assign-to-named-channel": "分配到{ channelCode }",
    "assign-variant-to-channel-success": "",
    "assign-variants-to-channel": "",
    "auto-update-option-variant-name": "",
    "auto-update-product-variant-name": "",
    "channel-price-preview": "渠道價格覽",
    "collection-contents": "系列產品",
    "confirm-bulk-delete-collections": "",
    "confirm-bulk-delete-facets": "",
    "confirm-bulk-delete-products": "",
    "confirm-cancel": "",
    "confirm-delete-administrator": "",
    "confirm-delete-assets": "",
    "confirm-delete-channel": "確認移除渠道?",
    "confirm-delete-collection": "確認移除商品系列吗?",
    "confirm-delete-collection-and-children-body": "移除這個系列會移除它所包含的子系列，確認移除嗎?",
    "confirm-delete-country": "確認移除此國家?",
    "confirm-delete-customer": "",
    "confirm-delete-facet": "確認移除此特徵?",
    "confirm-delete-facet-value": "確認移除特徵值?",
    "confirm-delete-product": "確認移除商品?",
    "confirm-delete-product-option": "",
    "confirm-delete-product-option-group": "",
    "confirm-delete-product-variant": "確認移除商品規格?",
    "confirm-delete-promotion": "確認移除優惠券?",
    "confirm-delete-shipping-method": "確認移除此郵寄方式?",
    "confirm-delete-zone": "",
    "confirm-deletion-of-unused-variants-body": "",
    "confirm-deletion-of-unused-variants-title": "",
    "create-draft-order": "",
    "create-new-collection": "新增系列",
    "create-new-facet": "新增特徵",
    "create-new-product": "新增商品",
    "created-new-variants-success": "成功建立{count}個商品規格",
    "default-variant": "默認商品規格",
    "display-variant-cards": "卡片顯示",
    "display-variant-table": "表格顯示",
    "drop-files-to-upload": "拖拽文件上傳",
    "duplicate-sku-warning": "",
    "edit-facet-values": "",
    "edit-options": "",
    "expand-all-collections": "展開所有系列",
    "facet-value-not-available": "",
    "facet-values": "特徵值列表",
    "filter-by-name": "按名字篩選",
    "filter-by-name-or-sku": "",
    "filters": "篩選條件",
    "group-by-product": "按商品分组顯示",
    "live-preview-contents": "",
    "manage-variants": "商品規格管理",
    "move-down": "下移",
    "move-to": "移至",
    "move-up": "上移",
    "no-channel-selected": "並未選擇渠道",
    "no-featured-asset": "並無特徵圖片",
    "no-selection": "尚未選擇",
    "notify-bulk-delete-collections-success": "",
    "notify-bulk-delete-facets-success": "",
    "notify-bulk-delete-products-success": "",
    "notify-remove-collections-from-channel-success": "",
    "notify-remove-facets-from-channel-success": "",
    "notify-remove-product-from-channel-error": "從渠道中移除商品失敗",
    "notify-remove-product-from-channel-success": "成功從渠道中移除商品",
    "notify-remove-variant-from-channel-error": "",
    "notify-remove-variant-from-channel-success": "",
    "option": "規格",
    "option-name": "規格名稱",
    "option-values": "規格列表（按輸入鍵新增）",
    "out-of-stock-threshold": "",
    "out-of-stock-threshold-tooltip": "",
    "pending-search-index-updates": "",
    "price": "價格",
    "price-conversion-factor": "價格轉換係數",
    "price-in-channel": "渠道{ channel }價格",
    "price-includes-tax-at": "連税{ rate }%",
    "price-with-tax-in-default-zone": "連税{ rate }% 價格{ price }",
    "private": "隱藏",
    "product-details": "商品詳情",
    "product-name": "商品名稱",
    "product-variants": "商品規格",
    "public": "公開",
    "rebuild-search-index": "重建索引",
    "reindex-error": "重建索引失敗",
    "reindex-successful": "已成功重建{count}個產品索引，耗时{time}毫秒",
    "reindexing": "正在重建搜索索引",
    "remove-from-channel": "從渠道移除",
    "remove-option": "移除選項",
    "remove-product-from-channel": "從渠道移除商品",
    "remove-product-variant-from-channel": "",
    "root-collection": "",
    "run-pending-search-index-updates": "",
    "running-search-index-updates": "",
    "search-asset-name-or-tag": "",
    "search-for-term": "輸入搜索條目",
    "search-index-controls": "",
    "search-product-name-or-code": "輸入要搜索的商品名稱或商品編碼",
    "select-product": "",
    "select-product-variant": "",
    "sku": "商品庫存編碼",
    "slug": "名稱缩写",
    "slug-pattern-error": "",
    "stock-allocated": "",
    "stock-allocated-tooltip": "",
    "stock-on-hand": "庫存",
    "stock-on-hand-tooltip": "",
    "stock-saleable": "",
    "stock-saleable-tooltip": "",
    "tax-category": "税表分類",
    "taxes": "價格（連税）",
    "track-inventory": "跟踪庫存",
    "track-inventory-false": "",
    "track-inventory-inherit": "",
    "track-inventory-tooltip": "",
    "track-inventory-true": "",
    "update-product-option": "更新產品規格",
    "use-global-value": "",
    "values": "值",
    "variant": "商品規格",
    "view-contents": "查看詳情",
    "visibility": "訪問控制"
  },
  "common": {
    "ID": "ID",
    "actions": "操作",
    "add-item-to-list": "",
    "add-new-variants": "新增{count}個商品規格",
    "add-note": "",
    "available-languages": "可用語言",
    "boolean-and": "",
    "boolean-or": "",
    "browser-default": "",
    "cancel": "取消",
    "cancel-navigation": "取消",
    "change-selection": "",
    "channel": "渠道",
    "channels": "渠道",
    "clear-selection": "",
    "close": "",
    "code": "編碼",
    "collapse-entries": "",
    "confirm": "",
    "confirm-delete-note": "",
    "confirm-navigation": "導航確認",
    "create": "新增",
    "created-at": "建立時間",
    "custom-fields": "客戶自訂欄位",
    "default-channel": "默認渠道",
    "default-language": "",
    "default-tax-category": "",
    "delete": "移除",
    "description": "描述",
    "details": "",
    "disabled": "禁用",
    "discard-changes": "放弃修改",
    "edit": "編辑",
    "edit-field": "編辑域",
    "edit-note": "",
    "enabled": "启用",
    "expand-entries": "",
    "extension-running-in-separate-window": "扩展已在另一個窗口启動",
    "filter": "",
    "force-delete": "",
    "force-remove": "",
    "general": "",
    "guest": "游客",
    "items-per-page-option": "每页顯示 { count } 條",
    "items-selected-count": "",
    "keep-editing": "",
    "language": "語言",
    "launch-extension": "启動扩展插件",
    "live-update": "",
    "locale": "",
    "log-out": "退出",
    "login": "登陆",
    "manage-tags": "",
    "manage-tags-description": "",
    "medium-date": "",
    "more": "更多...",
    "name": "名稱",
    "no-bulk-actions-available": "",
    "no-results": "没找到任何結果",
    "not-applicable": "",
    "not-set": "未設定",
    "notify-bulk-update-success": "",
    "notify-create-error": "新增{ entity }失敗",
    "notify-create-success": "{ entity }已新增",
    "notify-delete-error": "移除{ entity }失敗",
    "notify-delete-success": "{ entity }已移除",
    "notify-remove-products-from-channel-success": "",
    "notify-save-changes-error": "保存失敗",
    "notify-saved-changes": "修改已保存",
    "notify-update-error": "更新{ entity }失敗",
    "notify-update-success": "{ entity }已更新",
    "notify-updated-tags-success": "",
    "okay": "",
    "open": "詳情",
    "password": "密碼",
    "price": "價格",
    "price-with-tax": "價格（連税）",
    "private": "隱藏",
    "public": "公開",
    "remember-me": "記住登入帳號",
    "remove": "移除",
    "remove-item-from-list": "",
    "results-count": "{count, plural, 0{無} other {{count}個篩選結果}}",
    "sample-formatting": "",
    "select": "選擇...",
    "select-display-language": "選擇顯示語言",
    "select-items-with-count": "",
    "select-products": "",
    "select-relation-id": "",
    "select-today": "選擇今天",
    "select-variants": "",
    "set-language": "",
    "short-date": "",
    "tags": "",
    "theme": "",
    "there-are-unsaved-changes": "變更尚未被儲存，離開會失去所有變更",
    "toggle-all": "",
    "total-items": "{currentStart} - {currentEnd} 的 {totalItems}",
    "update": "確認修改",
    "updated-at": "修改時間",
    "username": "用户名",
    "view-next-month": "查看下個月",
    "view-previous-month": "查看上個月",
    "with-selected": ""
  },
  "customer": {
    "add-customer-to-group": "",
    "add-customer-to-groups-with-count": "",
    "add-customers-to-group": "",
    "add-customers-to-group-success": "",
    "add-customers-to-group-with-count": "",
    "add-customers-to-group-with-name": "",
    "addresses": "地址",
    "city": "市",
    "company": "",
    "confirm-delete-customer-group": "",
    "confirm-remove-customer-from-group": "",
    "country": "國家",
    "create-customer-group": "",
    "create-new-address": "新增地址",
    "create-new-customer": "新增客户",
    "create-new-customer-group": "",
    "customer-groups": "",
    "customer-history": "",
    "customer-type": "客户驗證類型",
    "default-billing-address": "默認賬單地址",
    "default-shipping-address": "默認郵寄地址",
    "email-address": "電子郵件地址",
    "email-verification-sent": "驗證郵件已寄到電郵地址{ emailAddress }",
    "first-name": "名",
    "full-name": "名字",
    "guest": "訪客",
    "history-customer-added-to-group": "",
    "history-customer-address-created": "",
    "history-customer-address-deleted": "",
    "history-customer-address-updated": "",
    "history-customer-detail-updated": "",
    "history-customer-email-update-requested": "",
    "history-customer-email-update-verified": "",
    "history-customer-password-reset-requested": "",
    "history-customer-password-reset-verified": "",
    "history-customer-password-updated": "",
    "history-customer-registered": "",
    "history-customer-removed-from-group": "",
    "history-customer-verified": "",
    "history-using-external-auth-strategy": "",
    "history-using-native-auth-strategy": "",
    "last-login": "",
    "last-name": "姓",
    "name": "姓名",
    "new-email-address": "",
    "no-orders-placed": "無訂單記錄",
    "not-a-member-of-any-groups": "",
    "old-email-address": "",
    "orders": "訂單列表",
    "password": "密碼",
    "phone-number": "電话號碼",
    "postal-code": "郵政編碼",
    "province": "省（直轄市）",
    "registered": "已注册",
    "remove-customers-from-group-success": "",
    "remove-from-group": "",
    "search-by-group-name": "輸入搜索條目",
    "search-customers-by-email": "輸入要搜索的客户電郵地址",
    "search-customers-by-email-last-name-postal-code": "",
    "select-customer": "",
    "set-as-default-billing-address": "設定為默認賬單地址",
    "set-as-default-shipping-address": "設定為默認郵寄地址",
    "street-line-1": "街道",
    "street-line-2": "詳细地址（小區，公司門牌號等）",
    "title": "客户稱謂",
    "update-customer-group": "",
    "verified": "已驗證",
    "view-group-members": ""
  },
  "dashboard": {
    "add-widget": "",
    "latest-orders": "",
    "orders-summary": "",
    "remove-widget": "",
    "thisMonth": "",
    "thisWeek": "",
    "today": "",
    "total-order-value": "",
    "total-orders": "",
    "widget-resize": "",
    "widget-width": "",
    "yesterday": ""
  },
  "datetime": {
    "ago-days": "",
    "ago-hours": "",
    "ago-minutes": "",
    "ago-seconds": "",
    "ago-years": "",
    "duration-milliseconds": "",
    "duration-minutes:seconds": "",
    "duration-seconds": "",
    "month-apr": "4月",
    "month-aug": "8月",
    "month-dec": "12月",
    "month-feb": "2月",
    "month-jan": "1月",
    "month-jul": "7月",
    "month-jun": "6月",
    "month-mar": "3月",
    "month-may": "5月",
    "month-nov": "11月",
    "month-oct": "10月",
    "month-sep": "9月",
    "time": "時間",
    "weekday-fr": "星期五",
    "weekday-mo": "星期一",
    "weekday-sa": "星期六",
    "weekday-su": "星期日",
    "weekday-th": "星期四",
    "weekday-tu": "星期二",
    "weekday-we": "星期三"
  },
  "editor": {
    "image-alt": "圖片備注",
    "image-src": "圖片來源",
    "image-title": "圖片標題",
    "insert-image": "插入圖片",
    "link-href": "連結",
    "link-title": "連結標題",
    "remove-link": "移除連結",
    "set-link": "設定連結"
  },
  "error": {
    "403-forbidden": "無權限存取路徑 \"{ path }\"。無權限或會話已經逾期，請重新登入",
    "could-not-connect-to-server": "無法連接伺服器 { url }",
    "facet-value-form-values-do-not-match": "表單中商品特徵值數量與實際不符",
    "health-check-failed": "",
    "no-default-shipping-zone-set": "",
    "no-default-tax-zone-set": "",
    "product-variant-form-values-do-not-match": "表單中商品規格數量與實際不符"
  },
  "marketing": {
    "actions": "優惠操作",
    "add-action": "新增優惠",
    "add-condition": "新增限制條件",
    "conditions": "使用限制",
    "coupon-code": "優惠碼",
    "create-new-promotion": "新增促销產品",
    "ends-at": "結束時間",
    "per-customer-limit": "領取上限",
    "search-by-coupon-code": "",
    "search-by-name": "",
    "starts-at": "開始時間"
  },
  "nav": {
    "administrators": "管理員",
    "assets": "檔案",
    "catalog": "商品目錄",
    "channels": "渠道",
    "collections": "商品列表",
    "countries": "國家",
    "customer-groups": "",
    "customers": "客户",
    "facets": "特徵",
    "global-settings": "語言設定",
    "job-queue": "",
    "marketing": "推銷",
    "orders": "訂單管理",
    "payment-methods": "付款方法",
    "products": "商品",
    "promotions": "優惠券管理",
    "roles": "角色管理",
    "sales": "銷售管理",
    "settings": "系统設定",
    "shipping-methods": "配送方式",
    "system": "",
    "system-status": "",
    "tax-categories": "税表分類",
    "tax-rates": "税率管理",
    "zones": ""
  },
  "order": {
    "add-item-to-order": "",
    "add-note": "新增備注",
    "add-payment": "",
    "add-payment-to-order": "",
    "add-payment-to-order-success": "",
    "add-surcharge": "",
    "added-items": "",
    "amount": "金額",
    "apply-filters": "",
    "arrange-additional-payment": "",
    "billing-address": "",
    "cancel": "取消",
    "cancel-entire-order": "",
    "cancel-fulfillment": "",
    "cancel-modification": "",
    "cancel-order": "取消訂單",
    "cancel-payment": "",
    "cancel-reason-customer-request": "客户要求",
    "cancel-reason-not-available": "產品無庫存",
    "cancel-selected-items": "取消已選",
    "cancel-specified-items": "",
    "cancellation-reason": "取消原因",
    "cancelled-order-success": "訂單取消成功",
    "complete-draft-order": "",
    "confirm-modifications": "",
    "contents": "内容",
    "create-fulfillment": "確認配貨",
    "create-fulfillment-success": "確認配貨成功",
    "customer": "客户",
    "delete-draft-order": "",
    "edit-billing-address": "",
    "edit-shipping-address": "",
    "error-message": "",
    "existing-address": "",
    "existing-customer": "",
    "filter-custom": "",
    "filter-preset-active": "",
    "filter-preset-completed": "",
    "filter-preset-draft": "",
    "filter-preset-open": "",
    "filter-preset-shipped": "",
    "fulfill": "已配貨",
    "fulfill-order": "接受訂單",
    "fulfillment": "配貨記錄",
    "fulfillment-method": "配貨方式",
    "history-coupon-code-applied": "優惠卷已使用",
    "history-coupon-code-removed": "優惠卷已移除",
    "history-fulfillment-created": "",
    "history-fulfillment-delivered": "",
    "history-fulfillment-shipped": "",
    "history-fulfillment-transition": "",
    "history-items-cancelled": "{count}個已取消",
    "history-order-cancelled": "訂單已取消",
    "history-order-created": "",
    "history-order-fulfilled": "訂單已配貨",
    "history-order-modified": "",
    "history-order-transition": "訂單狀態從{from}更新至{to}",
    "history-payment-settled": "已結算付款",
    "history-payment-transition": "付款交易 #{id} 狀態從{from}更新至{to}",
    "history-refund-transition": "退款交易 #{id} 狀態從 {from}更新至{to}",
    "item-count": "{count}張訂單",
    "line-fulfillment-all": "訂單已全部配貨完成",
    "line-fulfillment-none": "無訂單配貨記錄",
    "line-fulfillment-partial": "總共{ total }個訂單項，{ count }個已配貨",
    "manually-transition-to-state": "",
    "manually-transition-to-state-message": "",
    "modification-adding-items": "",
    "modification-adding-surcharges": "",
    "modification-adjusting-lines": "",
    "modification-not-settled": "",
    "modification-recalculate-shipping": "",
    "modification-settled": "",
    "modification-summary": "",
    "modification-updating-billing-address": "",
    "modification-updating-shipping-address": "",
    "modifications": "",
    "modify-order": "",
    "modify-order-price-difference": "",
    "net-price": "淨價",
    "note": "",
    "note-is-private": "隱藏備注",
    "note-only-visible-to-administrators": "僅管理員可瀏覽",
    "note-visible-to-customer": "管理員及客户可瀏覽",
    "order-history": "訂單",
    "order-state-diagram": "",
    "payment": "付款信息",
    "payment-amount": "付款金額",
    "payment-metadata": "付款元數據",
    "payment-method": "付款方式",
    "payment-state": "付款狀態",
    "payment-to-refund": "退款訂單付款信息",
    "placed-at": "",
    "placed-at-end": "",
    "placed-at-start": "",
    "preview-changes": "",
    "product-name": "產品名稱",
    "product-sku": "庫存編碼",
    "promotions-applied": "已使用優惠券",
    "prorated-unit-price": "",
    "quantity": "數量",
    "refund": "退款",
    "refund-adjustment": "退款調整",
    "refund-and-cancel-order": "退款｜取消訂單",
    "refund-cancellation-reason": "",
    "refund-cancellation-reason-required": "",
    "refund-metadata": "退款元數據",
    "refund-order-failed": "",
    "refund-order-success": "退款訂單處理成功",
    "refund-reason": "退款原因",
    "refund-reason-customer-request": "客户要求",
    "refund-reason-not-available": "無庫存",
    "refund-shipping": "退運費",
    "refund-total": "退款總計",
    "refund-total-error": "退款總計必須大於{min}並少遊{max}之間",
    "refund-total-warning": "",
    "refund-with-amount": "退款金額{amount}",
    "refunded-count": "{count}個商品已退款",
    "removed-items": "",
    "search-by-order-filters": "輸入要搜索的訂單編號 / 姓 / 交易編號 ",
    "select-address": "",
    "select-shipping-method": "",
    "select-state": "",
    "set-billing-address": "",
    "set-coupon-codes": "",
    "set-customer-for-order": "",
    "set-fulfillment-state": "",
    "set-shipping-address": "",
    "set-shipping-method": "",
    "settle-payment": "結算付款",
    "settle-payment-error": "結算付款失敗",
    "settle-payment-success": "結算付款成功",
    "settle-refund": "結算退款",
    "settle-refund-manual-instructions": "在您手動退款後，請新增交易編號",
    "settle-refund-success": "結算退款成功",
    "shipping": "運費",
    "shipping-address": "配送地址",
    "shipping-cancelled": "",
    "shipping-method": "配送方式",
    "state": "狀態",
    "sub-total": "小計金額",
    "successfully-updated-fulfillment": "",
    "surcharges": "",
    "tax-base": "",
    "tax-description": "",
    "tax-rate": "",
    "tax-summary": "",
    "tax-total": "",
    "total": "總計金額",
    "tracking-code": "物流碼",
    "transaction-id": "交易編號",
    "transition-to-state": "",
    "transitioned-payment-to-state-success": "",
    "transitioned-to-state-success": "",
    "unable-to-transition-to-state-try-another": "",
    "unfulfilled": "未配貨",
    "unit-price": "單價"
  },
  "settings": {
    "add-countries-to-zone": "新增國家到銷售區域...",
    "add-countries-to-zone-success": "{ countryCount }個國家已到銷售區域 \"{ zoneName }\"",
    "add-products-to-test-order": "新增產品到測試訂單",
    "channel": "渠道",
    "channel-token": "渠道唯一碼",
    "confirm-delete-payment-method": "",
    "confirm-delete-role": "確認移除角色?",
    "confirm-delete-tax-category": "確認移除税表分類?",
    "confirm-delete-tax-rate": "確認移除税率?",
    "create-new-channel": "新增渠道",
    "create-new-country": "新增國家",
    "create-new-payment-method": "",
    "create-new-role": "新增角色",
    "create-new-shipping-method": "新增配送方式",
    "create-new-tax-category": "建立税表分類",
    "create-new-tax-rate": "新增税率",
    "create-new-zone": "",
    "create-zone": "建立銷售區域",
    "currency": "幣種",
    "default-role-label": "默認角色不可修改",
    "default-shipping-zone": "默認配送區域",
    "default-tax-zone": "默認銷售區域",
    "eligible": "符合條件",
    "email-address": "電子郵件",
    "filter-by-member-name": "",
    "first-name": "名",
    "fulfillment-handler": "",
    "global-out-of-stock-threshold": "",
    "global-out-of-stock-threshold-tooltip": "",
    "last-name": "姓",
    "no-eligible-shipping-methods": "没有符合條件的配送方式",
    "password": "密碼",
    "payment-eligibility-checker": "",
    "payment-handler": "",
    "permissions": "權限",
    "prices-include-tax": "設定默認銷售區域價格連税",
    "profile": "",
    "rate": "税率",
    "remove-countries-from-zone-success": "{ countryCount }個國際已從\"{ zoneName }\"中移除",
    "remove-from-zone": "",
    "roles": "角色列表",
    "search-by-product-name-or-sku": "輸入要搜索的產品名稱或庫存編碼",
    "search-country-by-name": "輸入要搜索的國家名稱",
    "shipping-calculator": "配送費計算",
    "shipping-eligibility-checker": "使用此配送方式的合格條件",
    "shipping-method": "配送方式",
    "tax-category": "税表分類",
    "tax-rate": "税率",
    "test-address": "模擬測試地址",
    "test-order": "模擬測試訂單",
    "test-result": "模擬測試結果",
    "test-shipping-method": "模擬測試配送方式",
    "test-shipping-methods": "模擬測試配送方式",
    "track-inventory-default": "默認跟踪庫存",
    "update-zone": "",
    "view-zone-members": "",
    "zone": "銷售區域"
  },
  "state": {
    "adding-items": "正在選擇商品",
    "all-orders": "",
    "arranging-additional-payment": "",
    "arranging-payment": "正在付款",
    "authorized": "",
    "cancelled": "已取消",
    "created": "",
    "declined": "",
    "delivered": "已完成",
    "draft": "",
    "error": "",
    "failed": "",
    "modifying": "",
    "partially-delivered": "部分配貨",
    "partially-shipped": "",
    "payment-authorized": "已授權支付",
    "payment-settled": "已結算",
    "pending": "",
    "settled": "",
    "shipped": ""
  },
  "system": {
    "all-job-queues": "",
    "health-all-systems-up": "",
    "health-error": "",
    "health-last-checked": "",
    "health-message": "",
    "health-refresh": "",
    "health-status": "",
    "health-status-down": "",
    "health-status-up": "",
    "hide-settled-jobs": "",
    "job-data": "",
    "job-duration": "",
    "job-error": "",
    "job-queue-name": "",
    "job-result": "",
    "job-state": ""
  }
}
